DIPUTADO	BLOQUE	BLOQUE (historico)	PROVINCIA	141-14-1	141-15-5	0142-03-02	142-3-38	0142-05-07	0142-06-01	0142-08-20	0142-09-01	0142-11-01	142-13-1	142-22-10	0143-02-03	0143-04-01	0143-09-01	0143-09-05	0143-09-06	0143-09-13	0143-11-01	0143-11-05	0143-11-10	0143-11-11	0143-11-12	0143-11-13	0143-11-14	0143-12-02	0143-12-04	0143-12-05	0143-12-06	143-14-3	143-14-4	143-15-1	143-15-4
ACEVEDO, SERGIO EDGARDO → PRADES, C. FACUNDO	POR SANTA CRUZ		SANTA CRUZ	NEGATIVO	NEGATIVO	AUSENTE	ABSTENCION	AFIRMATIVO	ABSTENCION	AFIRMATIVO	AUSENTE	AFIRMATIVO	AFIRMATIVO	NEGATIVO	NEGATIVO	AFIRMATIVO	AFIRMATIVO	AFIRMATIVO	AFIRMATIVO	AFIRMATIVO	AFIRMATIVO	AFIRMATIVO	AFIRMATIVO	AFIRMATIVO	AFIRMATIVO	AFIRMATIVO	AFIRMATIVO	AFIRMATIVO	AFIRMATIVO	AFIRMATIVO	AFIRMATIVO	AFIRMATIVO	AFIRMATIVO	NEGATIVO	NEGATIVO
BREGMAN, MYRIAM → BIASI, VANINA → DE MENDIETA, MERCEDES	IZQUIERDA SOCIALISTA FIT UNIDAD	FRENTE DE IZQUIERDA Y DE TRABAJADORES UNIDAD → PARTIDO OBRERO  FRENTE DE IZQUIERDA Y DE TRABAJADORES  UNIDAD → IZQUIERDA SOCIALISTA FIT UNIDAD	C.A.B.A.	NEGATIVO	NEGATIVO	NEGATIVO	NEGATIVO	ABSTENCION	NEGATIVO	AFIRMATIVO	AFIRMATIVO	AFIRMATIVO	AFIRMATIVO	NEGATIVO	NEGATIVO	AFIRMATIVO	AFIRMATIVO	AFIRMATIVO	AFIRMATIVO	AFIRMATIVO	AFIRMATIVO	AFIRMATIVO	AFIRMATIVO	AFIRMATIVO	AFIRMATIVO	AFIRMATIVO	AFIRMATIVO	AFIRMATIVO	AFIRMATIVO	ABSTENCION	AFIRMATIVO	AFIRMATIVO	AFIRMATIVO	AFIRMATIVO	AFIRMATIVO
DEL PLA, ROMINA → SCHLOTTHAUER, MONICA LETICIA → RIPOLL, VILMA	MST   FRENTE DE IZQUIERDA Y TRABAJADORES UNIDAD	FRENTE DE IZQUIERDA Y DE TRABAJADORES UNIDAD → PARTIDO OBRERO  FRENTE DE IZQUIERDA Y DE TRABAJADORES  UNIDAD → MST   FRENTE DE IZQUIERDA Y TRABAJADORES UNIDAD	BUENOS AIRES	NEGATIVO	NEGATIVO	NEGATIVO	NEGATIVO	ABSTENCION	NEGATIVO	AFIRMATIVO	AFIRMATIVO	AFIRMATIVO	AFIRMATIVO	NEGATIVO	NEGATIVO	AFIRMATIVO	AFIRMATIVO	AFIRMATIVO	AFIRMATIVO	AFIRMATIVO	AFIRMATIVO	AFIRMATIVO	AFIRMATIVO	AFIRMATIVO	AFIRMATIVO	AFIRMATIVO	AFIRMATIVO	AFIRMATIVO	AFIRMATIVO	ABSTENCION	AFIRMATIVO	AFIRMATIVO	AFIRMATIVO	AFIRMATIVO	AFIRMATIVO
VALLEJOS, ALFREDO → TOURNIER, JOSE FEDERICO	LIGA DEL INTERIOR ELI	UCR   UNION CIVICA RADICAL → LIGA DEL INTERIOR ELI	CORRIENTES	AFIRMATIVO	AFIRMATIVO	AFIRMATIVO	AFIRMATIVO	AFIRMATIVO	AFIRMATIVO	AFIRMATIVO	NEGATIVO	NEGATIVO	NEGATIVO	AFIRMATIVO	AFIRMATIVO	NEGATIVO	NEGATIVO	NEGATIVO	NEGATIVO	AUSENTE	NEGATIVO	AUSENTE	AUSENTE	AUSENTE	AUSENTE	AUSENTE	AUSENTE	NEGATIVO	NEGATIVO	NEGATIVO	NEGATIVO	AFIRMATIVO	NEGATIVO	NEGATIVO	NEGATIVO
GALIMBERTI, PEDRO JORGE → BALLEJOS, NANCY	PRO	UCR   UNION CIVICA RADICAL → PRO	ENTRE RÍOS	AFIRMATIVO	AUSENTE	AFIRMATIVO	AFIRMATIVO	AFIRMATIVO	AFIRMATIVO	AFIRMATIVO	AFIRMATIVO	NEGATIVO	NEGATIVO	AFIRMATIVO	AFIRMATIVO	NEGATIVO	NEGATIVO	NEGATIVO	NEGATIVO	AUSENTE	NEGATIVO	NEGATIVO	AUSENTE	AUSENTE	AUSENTE	AUSENTE	AUSENTE	NEGATIVO	NEGATIVO	NEGATIVO	NEGATIVO	NEGATIVO	NEGATIVO	NEGATIVO	NEGATIVO
STEFANI, HECTOR ANTONIO → GARRAMUÑO, RICARDO	SOMOS FUEGUINOS	PRO → SOMOS FUEGUINOS	TIERRA DEL FUEGO	AFIRMATIVO	AFIRMATIVO	AFIRMATIVO	AFIRMATIVO	AUSENTE	AFIRMATIVO	NEGATIVO	AFIRMATIVO	AUSENTE	AUSENTE	AFIRMATIVO	AFIRMATIVO	NEGATIVO	NEGATIVO	NEGATIVO	NEGATIVO	AFIRMATIVO	NEGATIVO	NEGATIVO	NEGATIVO	NEGATIVO	NEGATIVO	NEGATIVO	NEGATIVO	NEGATIVO	NEGATIVO	NEGATIVO	NEGATIVO	NEGATIVO	NEGATIVO	NEGATIVO	NEGATIVO
LOMBARDI, HERNAN → SANCHEZ WRBA, JAVIER	PRO		BUENOS AIRES	AFIRMATIVO	AFIRMATIVO	AFIRMATIVO	AFIRMATIVO	NEGATIVO	AFIRMATIVO	NEGATIVO	AUSENTE	NEGATIVO	NEGATIVO	AFIRMATIVO	AFIRMATIVO	NEGATIVO	NEGATIVO	NEGATIVO	NEGATIVO	AFIRMATIVO	NEGATIVO	NEGATIVO	NEGATIVO	NEGATIVO	NEGATIVO	NEGATIVO	NEGATIVO	NEGATIVO	NEGATIVO	NEGATIVO	NEGATIVO	NEGATIVO	NEGATIVO	NEGATIVO	NEGATIVO
DEL CAÑO, NICOLAS → GIORDANO, JUAN CARLOS	IZQUIERDA SOCIALISTA FIT UNIDAD	PTS FRENTE DE IZQUIERDA UNIDAD → IZQUIERDA SOCIALISTA FIT UNIDAD	BUENOS AIRES	NEGATIVO	NEGATIVO	NEGATIVO	NEGATIVO	ABSTENCION	NEGATIVO	AFIRMATIVO	AFIRMATIVO	AFIRMATIVO	AFIRMATIVO	NEGATIVO	NEGATIVO	AFIRMATIVO	AFIRMATIVO	AFIRMATIVO	AFIRMATIVO	AFIRMATIVO	AFIRMATIVO	AFIRMATIVO	AFIRMATIVO	AFIRMATIVO	AFIRMATIVO	AFIRMATIVO	AFIRMATIVO	AFIRMATIVO	AFIRMATIVO	ABSTENCION	AFIRMATIVO	AUSENTE	AUSENTE	AFIRMATIVO	AFIRMATIVO
AGOST CARREÑO, OSCAR	ENCUENTRO FEDERAL	HACEMOS COALICION FEDERAL → ENCUENTRO FEDERAL	CÓRDOBA	AFIRMATIVO	AFIRMATIVO	AFIRMATIVO	AFIRMATIVO	AFIRMATIVO	AFIRMATIVO	AFIRMATIVO	AFIRMATIVO	AFIRMATIVO	AFIRMATIVO	AFIRMATIVO	ABSTENCION	AFIRMATIVO	AFIRMATIVO	NEGATIVO	AFIRMATIVO	AFIRMATIVO	AFIRMATIVO	AFIRMATIVO	AFIRMATIVO	AFIRMATIVO	AFIRMATIVO	NEGATIVO	AFIRMATIVO	AFIRMATIVO	AFIRMATIVO	AFIRMATIVO	AFIRMATIVO	AFIRMATIVO	AFIRMATIVO	AFIRMATIVO	AFIRMATIVO
AGUIRRE, HILDA	UNION POR LA PATRIA		LA RIOJA	NEGATIVO	NEGATIVO	NEGATIVO	NEGATIVO	AFIRMATIVO	NEGATIVO	AFIRMATIVO	AFIRMATIVO	AFIRMATIVO	AFIRMATIVO	NEGATIVO	NEGATIVO	AFIRMATIVO	AFIRMATIVO	AFIRMATIVO	AFIRMATIVO	AFIRMATIVO	AFIRMATIVO	AFIRMATIVO	AFIRMATIVO	AFIRMATIVO	AFIRMATIVO	AFIRMATIVO	AFIRMATIVO	AFIRMATIVO	AFIRMATIVO	AFIRMATIVO	AFIRMATIVO	AFIRMATIVO	AFIRMATIVO	AFIRMATIVO	AFIRMATIVO
AGUIRRE, MANUEL IGNACIO	DEMOCRACIA PARA SIEMPRE	UCR   UNION CIVICA RADICAL → DEMOCRACIA PARA SIEMPRE	CORRIENTES	AFIRMATIVO	AFIRMATIVO	AFIRMATIVO	AFIRMATIVO	AUSENTE	AFIRMATIVO	AFIRMATIVO	AFIRMATIVO	AFIRMATIVO	AFIRMATIVO	AFIRMATIVO	AUSENTE	AFIRMATIVO	AUSENTE	AUSENTE	AUSENTE	AUSENTE	AUSENTE	AUSENTE	AUSENTE	AUSENTE	AUSENTE	AUSENTE	AUSENTE	AUSENTE	AUSENTE	AUSENTE	AUSENTE	AFIRMATIVO	AFIRMATIVO	AUSENTE	AUSENTE
AJMECHET, SABRINA	PRO		C.A.B.A.	AFIRMATIVO	AFIRMATIVO	AFIRMATIVO	AFIRMATIVO	NEGATIVO	AFIRMATIVO	AUSENTE	AUSENTE	NEGATIVO	NEGATIVO	AFIRMATIVO	AFIRMATIVO	AUSENTE	NEGATIVO	NEGATIVO	NEGATIVO	AUSENTE	NEGATIVO	NEGATIVO	NEGATIVO	NEGATIVO	NEGATIVO	NEGATIVO	NEGATIVO	NEGATIVO	NEGATIVO	NEGATIVO	NEGATIVO	NEGATIVO	NEGATIVO	NEGATIVO	NEGATIVO
ALI, ERNESTO "PIPI"	UNION POR LA PATRIA		SAN LUIS	NEGATIVO	NEGATIVO	NEGATIVO	NEGATIVO	AFIRMATIVO	NEGATIVO	AFIRMATIVO	AFIRMATIVO	AFIRMATIVO	AFIRMATIVO	NEGATIVO	NEGATIVO	AFIRMATIVO	AFIRMATIVO	AFIRMATIVO	AFIRMATIVO	AFIRMATIVO	AFIRMATIVO	AFIRMATIVO	AFIRMATIVO	AFIRMATIVO	AFIRMATIVO	AFIRMATIVO	AFIRMATIVO	AFIRMATIVO	AFIRMATIVO	AFIRMATIVO	AFIRMATIVO	AFIRMATIVO	AFIRMATIVO	AFIRMATIVO	AFIRMATIVO
ALIANIELLO, EUGENIA	UNION POR LA PATRIA		CHUBUT	NEGATIVO	NEGATIVO	NEGATIVO	NEGATIVO	AFIRMATIVO	NEGATIVO	AFIRMATIVO	AFIRMATIVO	AFIRMATIVO	AFIRMATIVO	NEGATIVO	NEGATIVO	AFIRMATIVO	AFIRMATIVO	AFIRMATIVO	AFIRMATIVO	AFIRMATIVO	AFIRMATIVO	AFIRMATIVO	AFIRMATIVO	AFIRMATIVO	AFIRMATIVO	AFIRMATIVO	AFIRMATIVO	AFIRMATIVO	AFIRMATIVO	AFIRMATIVO	AFIRMATIVO	AFIRMATIVO	AFIRMATIVO	AFIRMATIVO	AFIRMATIVO
ALLENDE, WALBERTO	UNION POR LA PATRIA		SAN JUAN	NEGATIVO	NEGATIVO	NEGATIVO	NEGATIVO	AFIRMATIVO	NEGATIVO	AFIRMATIVO	AUSENTE	AFIRMATIVO	AFIRMATIVO	AUSENTE	NEGATIVO	AFIRMATIVO	AFIRMATIVO	AFIRMATIVO	AFIRMATIVO	AUSENTE	AFIRMATIVO	AFIRMATIVO	AFIRMATIVO	AFIRMATIVO	AFIRMATIVO	AFIRMATIVO	AFIRMATIVO	AFIRMATIVO	AFIRMATIVO	AFIRMATIVO	AFIRMATIVO	AFIRMATIVO	AFIRMATIVO	AFIRMATIVO	AFIRMATIVO
ALMIRON, LISANDRO	LA LIBERTAD AVANZA		CORRIENTES	AFIRMATIVO	AFIRMATIVO	AFIRMATIVO	AFIRMATIVO	NEGATIVO	AFIRMATIVO	NEGATIVO	NEGATIVO	NEGATIVO	NEGATIVO	AFIRMATIVO	AFIRMATIVO	NEGATIVO	NEGATIVO	NEGATIVO	NEGATIVO	NEGATIVO	NEGATIVO	NEGATIVO	NEGATIVO	NEGATIVO	NEGATIVO	NEGATIVO	NEGATIVO	NEGATIVO	NEGATIVO	NEGATIVO	NEGATIVO	NEGATIVO	NEGATIVO	NEGATIVO	NEGATIVO
ALONSO, CONSTANZA MARIA	UNION POR LA PATRIA		BUENOS AIRES	NEGATIVO	NEGATIVO	NEGATIVO	NEGATIVO	AFIRMATIVO	NEGATIVO	AFIRMATIVO	AFIRMATIVO	AFIRMATIVO	AFIRMATIVO	NEGATIVO	NEGATIVO	AFIRMATIVO	AFIRMATIVO	AFIRMATIVO	AFIRMATIVO	AFIRMATIVO	AFIRMATIVO	AFIRMATIVO	AFIRMATIVO	AFIRMATIVO	AFIRMATIVO	AFIRMATIVO	AFIRMATIVO	AFIRMATIVO	AFIRMATIVO	AFIRMATIVO	AFIRMATIVO	AFIRMATIVO	AFIRMATIVO	AFIRMATIVO	AFIRMATIVO
ANSALONI, PABLO	LA LIBERTAD AVANZA		BUENOS AIRES	AFIRMATIVO	AFIRMATIVO	AFIRMATIVO	AFIRMATIVO	NEGATIVO	AFIRMATIVO	NEGATIVO	NEGATIVO	NEGATIVO	NEGATIVO	AFIRMATIVO	AFIRMATIVO	NEGATIVO	NEGATIVO	NEGATIVO	NEGATIVO	AFIRMATIVO	NEGATIVO	NEGATIVO	NEGATIVO	NEGATIVO	NEGATIVO	NEGATIVO	NEGATIVO	NEGATIVO	NEGATIVO	NEGATIVO	NEGATIVO	NEGATIVO	NEGATIVO	NEGATIVO	NEGATIVO
ANTOLA, MARCELA	DEMOCRACIA PARA SIEMPRE	UCR   UNION CIVICA RADICAL → DEMOCRACIA PARA SIEMPRE	ENTRE RÍOS	AFIRMATIVO	AFIRMATIVO	AFIRMATIVO	AFIRMATIVO	AFIRMATIVO	AFIRMATIVO	AFIRMATIVO	AUSENTE	AFIRMATIVO	AFIRMATIVO	AFIRMATIVO	AFIRMATIVO	AUSENTE	AFIRMATIVO	ABSTENCION	AFIRMATIVO	AFIRMATIVO	AFIRMATIVO	AFIRMATIVO	AUSENTE	AUSENTE	AUSENTE	AUSENTE	AUSENTE	AFIRMATIVO	ABSTENCION	NEGATIVO	AUSENTE	AFIRMATIVO	AFIRMATIVO	AUSENTE	AUSENTE
ARABIA, DAMIAN	PRO		C.A.B.A.	AFIRMATIVO	AFIRMATIVO	AFIRMATIVO	AFIRMATIVO	NEGATIVO	AFIRMATIVO	NEGATIVO	NEGATIVO	NEGATIVO	NEGATIVO	AFIRMATIVO	AFIRMATIVO	NEGATIVO	NEGATIVO	NEGATIVO	NEGATIVO	AUSENTE	NEGATIVO	NEGATIVO	NEGATIVO	NEGATIVO	NEGATIVO	NEGATIVO	NEGATIVO	NEGATIVO	NEGATIVO	NEGATIVO	NEGATIVO	NEGATIVO	NEGATIVO	NEGATIVO	NEGATIVO
ARANCIBIA RODRIGUEZ, ALBERTO GUSTAVO	LA LIBERTAD AVANZA		SAN LUIS	AFIRMATIVO	AFIRMATIVO	AFIRMATIVO	AFIRMATIVO	NEGATIVO	AFIRMATIVO	NEGATIVO	AUSENTE	NEGATIVO	NEGATIVO	AFIRMATIVO	AFIRMATIVO	NEGATIVO	NEGATIVO	NEGATIVO	NEGATIVO	NEGATIVO	NEGATIVO	NEGATIVO	AUSENTE	AUSENTE	AUSENTE	AUSENTE	AUSENTE	AUSENTE	NEGATIVO	NEGATIVO	NEGATIVO	AUSENTE	AUSENTE	NEGATIVO	NEGATIVO
ARAUJO HERNANDEZ, JORGE NERI	UNION POR LA PATRIA		TIERRA DEL FUEGO	NEGATIVO	NEGATIVO	NEGATIVO	NEGATIVO	AFIRMATIVO	NEGATIVO	AFIRMATIVO	AFIRMATIVO	AFIRMATIVO	AFIRMATIVO	NEGATIVO	NEGATIVO	AFIRMATIVO	AFIRMATIVO	AFIRMATIVO	AFIRMATIVO	AFIRMATIVO	AFIRMATIVO	AFIRMATIVO	AFIRMATIVO	AFIRMATIVO	AFIRMATIVO	AFIRMATIVO	AFIRMATIVO	AFIRMATIVO	AFIRMATIVO	AFIRMATIVO	AFIRMATIVO	AFIRMATIVO	AFIRMATIVO	AFIRMATIVO	AFIRMATIVO
ARAUJO, MARIA FERNANDA	LA LIBERTAD AVANZA		C.A.B.A.	AFIRMATIVO	AFIRMATIVO	AFIRMATIVO	AFIRMATIVO	NEGATIVO	AFIRMATIVO	NEGATIVO	NEGATIVO	NEGATIVO	AFIRMATIVO	AFIRMATIVO	AUSENTE	NEGATIVO	NEGATIVO	NEGATIVO	NEGATIVO	NEGATIVO	NEGATIVO	NEGATIVO	NEGATIVO	NEGATIVO	NEGATIVO	NEGATIVO	NEGATIVO	NEGATIVO	NEGATIVO	NEGATIVO	NEGATIVO	NEGATIVO	NEGATIVO	NEGATIVO	NEGATIVO
ARDOHAIN, MARTIN	PRO		LA PAMPA	AFIRMATIVO	AFIRMATIVO	AFIRMATIVO	AFIRMATIVO	NEGATIVO	AFIRMATIVO	NEGATIVO	AFIRMATIVO	NEGATIVO	NEGATIVO	AFIRMATIVO	AFIRMATIVO	NEGATIVO	ABSTENCION	NEGATIVO	NEGATIVO	AFIRMATIVO	NEGATIVO	NEGATIVO	NEGATIVO	NEGATIVO	NEGATIVO	NEGATIVO	NEGATIVO	NEGATIVO	NEGATIVO	NEGATIVO	NEGATIVO	NEGATIVO	NEGATIVO	NEGATIVO	NEGATIVO
ARJOL, MARTIN	LIGA DEL INTERIOR ELI	UCR   UNION CIVICA RADICAL → LIGA DEL INTERIOR ELI	MISIONES	AFIRMATIVO	NEGATIVO	AFIRMATIVO	AFIRMATIVO	AFIRMATIVO	AFIRMATIVO	AFIRMATIVO	NEGATIVO	NEGATIVO	NEGATIVO	AFIRMATIVO	AFIRMATIVO	NEGATIVO	AUSENTE	AUSENTE	AUSENTE	AUSENTE	AUSENTE	NEGATIVO	AUSENTE	AUSENTE	AUSENTE	AUSENTE	AUSENTE	NEGATIVO	NEGATIVO	AUSENTE	AUSENTE	NEGATIVO	AFIRMATIVO	NEGATIVO	NEGATIVO
ARRIETA, LOURDES MICAELA	COHERENCIA	LA LIBERTAD AVANZA → … → COHERENCIA	MENDOZA	AFIRMATIVO	AFIRMATIVO	AFIRMATIVO	AFIRMATIVO	NEGATIVO	AFIRMATIVO	NEGATIVO	NEGATIVO	ABSTENCION	AFIRMATIVO	AFIRMATIVO	ABSTENCION	ABSTENCION	AFIRMATIVO	AFIRMATIVO	AFIRMATIVO	AUSENTE	AFIRMATIVO	AFIRMATIVO	AUSENTE	AUSENTE	AUSENTE	AUSENTE	AUSENTE	AFIRMATIVO	AFIRMATIVO	AFIRMATIVO	AFIRMATIVO	AFIRMATIVO	AFIRMATIVO	AFIRMATIVO	AFIRMATIVO
ARROYO, DANIEL	UNION POR LA PATRIA		BUENOS AIRES	NEGATIVO	NEGATIVO	NEGATIVO	NEGATIVO	AFIRMATIVO	NEGATIVO	AFIRMATIVO	AFIRMATIVO	AFIRMATIVO	AFIRMATIVO	NEGATIVO	NEGATIVO	AFIRMATIVO	AFIRMATIVO	AFIRMATIVO	AFIRMATIVO	AFIRMATIVO	AFIRMATIVO	AFIRMATIVO	AFIRMATIVO	AFIRMATIVO	AFIRMATIVO	AFIRMATIVO	AFIRMATIVO	AFIRMATIVO	AFIRMATIVO	AFIRMATIVO	AFIRMATIVO	AFIRMATIVO	AFIRMATIVO	AFIRMATIVO	AFIRMATIVO
ARRUA, ALBERTO	INNOVACION FEDERAL		MISIONES	AFIRMATIVO	NEGATIVO	AFIRMATIVO	AFIRMATIVO	AFIRMATIVO	AFIRMATIVO	AFIRMATIVO	ABSTENCION	ABSTENCION	ABSTENCION	AFIRMATIVO	AFIRMATIVO	AUSENTE	AUSENTE	AUSENTE	AUSENTE	AUSENTE	AUSENTE	AUSENTE	AUSENTE	AUSENTE	AUSENTE	AUSENTE	AUSENTE	AFIRMATIVO	ABSTENCION	AFIRMATIVO	ABSTENCION	AFIRMATIVO	AFIRMATIVO	ABSTENCION	ABSTENCION
AUBONE, ANA FABIOLA	UNION POR LA PATRIA		SAN JUAN	NEGATIVO	NEGATIVO	NEGATIVO	NEGATIVO	AFIRMATIVO	NEGATIVO	AFIRMATIVO	AFIRMATIVO	AUSENTE	AFIRMATIVO	NEGATIVO	NEGATIVO	AFIRMATIVO	AFIRMATIVO	AFIRMATIVO	AFIRMATIVO	AFIRMATIVO	AFIRMATIVO	AFIRMATIVO	AFIRMATIVO	AFIRMATIVO	AFIRMATIVO	AFIRMATIVO	AFIRMATIVO	AFIRMATIVO	AFIRMATIVO	AFIRMATIVO	AFIRMATIVO	AFIRMATIVO	AFIRMATIVO	AFIRMATIVO	AFIRMATIVO
AVEIRO, MARTIN	UNION POR LA PATRIA		MENDOZA	NEGATIVO	NEGATIVO	NEGATIVO	NEGATIVO	AFIRMATIVO	NEGATIVO	AFIRMATIVO	AFIRMATIVO	AFIRMATIVO	AFIRMATIVO	NEGATIVO	NEGATIVO	AFIRMATIVO	AFIRMATIVO	AFIRMATIVO	AFIRMATIVO	AFIRMATIVO	AFIRMATIVO	AFIRMATIVO	AFIRMATIVO	AFIRMATIVO	AFIRMATIVO	AFIRMATIVO	AFIRMATIVO	AFIRMATIVO	AFIRMATIVO	AFIRMATIVO	AFIRMATIVO	AFIRMATIVO	AFIRMATIVO	AFIRMATIVO	AFIRMATIVO
AVICO, BELEN	PRO		CÓRDOBA	AFIRMATIVO	AFIRMATIVO	AFIRMATIVO	AFIRMATIVO	AUSENTE	AFIRMATIVO	NEGATIVO	AFIRMATIVO	NEGATIVO	NEGATIVO	AFIRMATIVO	AFIRMATIVO	NEGATIVO	NEGATIVO	NEGATIVO	NEGATIVO	AUSENTE	NEGATIVO	NEGATIVO	NEGATIVO	NEGATIVO	NEGATIVO	NEGATIVO	NEGATIVO	NEGATIVO	NEGATIVO	NEGATIVO	NEGATIVO	AUSENTE	AUSENTE	NEGATIVO	NEGATIVO
AVILA, FERNANDA	UNION POR LA PATRIA		CATAMARCA	NEGATIVO	NEGATIVO	NEGATIVO	NEGATIVO	AFIRMATIVO	NEGATIVO	AUSENTE	AFIRMATIVO	AFIRMATIVO	AUSENTE	NEGATIVO	AUSENTE	AFIRMATIVO	AUSENTE	AUSENTE	AUSENTE	AUSENTE	AFIRMATIVO	AFIRMATIVO	AFIRMATIVO	AFIRMATIVO	AFIRMATIVO	AFIRMATIVO	AFIRMATIVO	AFIRMATIVO	AFIRMATIVO	AFIRMATIVO	AFIRMATIVO	AUSENTE	AUSENTE	AFIRMATIVO	AFIRMATIVO
AVILA, JORGE ANTONIO	ENCUENTRO FEDERAL	HACEMOS COALICION FEDERAL → ENCUENTRO FEDERAL	CHUBUT	AUSENTE	AFIRMATIVO	AFIRMATIVO	ABSTENCION	AUSENTE	AFIRMATIVO	AUSENTE	AFIRMATIVO	AFIRMATIVO	AUSENTE	AUSENTE	AFIRMATIVO	AFIRMATIVO	AUSENTE	AUSENTE	AUSENTE	AUSENTE	AFIRMATIVO	ABSTENCION	AUSENTE	AUSENTE	AUSENTE	AUSENTE	AUSENTE	AFIRMATIVO	AFIRMATIVO	AFIRMATIVO	ABSTENCION	AFIRMATIVO	AFIRMATIVO	ABSTENCION	NEGATIVO
BACHEY, KARINA ETHEL	PRO		SAN LUIS	AFIRMATIVO	AFIRMATIVO	AFIRMATIVO	AFIRMATIVO	NEGATIVO	AFIRMATIVO	NEGATIVO	AUSENTE	NEGATIVO	NEGATIVO	AFIRMATIVO	AFIRMATIVO	NEGATIVO	NEGATIVO	NEGATIVO	ABSTENCION	AUSENTE	ABSTENCION	AUSENTE	AUSENTE	AUSENTE	AUSENTE	AUSENTE	AUSENTE	AFIRMATIVO	NEGATIVO	NEGATIVO	NEGATIVO	ABSTENCION	NEGATIVO	NEGATIVO	NEGATIVO
BALDASSI, HECTOR W.	PRO		CÓRDOBA	AFIRMATIVO	AFIRMATIVO	AFIRMATIVO	AFIRMATIVO	AUSENTE	AFIRMATIVO	AUSENTE	AUSENTE	AUSENTE	AFIRMATIVO	AFIRMATIVO	AUSENTE	ABSTENCION	AFIRMATIVO	NEGATIVO	AFIRMATIVO	AFIRMATIVO	AFIRMATIVO	AFIRMATIVO	AUSENTE	AUSENTE	AUSENTE	AUSENTE	AUSENTE	AFIRMATIVO	AFIRMATIVO	AFIRMATIVO	AUSENTE	AFIRMATIVO	AFIRMATIVO	AFIRMATIVO	NEGATIVO
BANFI, KARINA	UCR   UNION CIVICA RADICAL		BUENOS AIRES	AFIRMATIVO	AFIRMATIVO	AFIRMATIVO	AFIRMATIVO	AFIRMATIVO	AFIRMATIVO	AFIRMATIVO	AFIRMATIVO	AFIRMATIVO	AFIRMATIVO	AFIRMATIVO	AFIRMATIVO	NEGATIVO	ABSTENCION	NEGATIVO	AFIRMATIVO	AFIRMATIVO	AFIRMATIVO	AFIRMATIVO	AFIRMATIVO	AUSENTE	AUSENTE	AUSENTE	AUSENTE	AFIRMATIVO	AFIRMATIVO	NEGATIVO	ABSTENCION	AFIRMATIVO	AFIRMATIVO	AFIRMATIVO	ABSTENCION
BARLETTA, MARIO	UNIDOS	UCR   UNION CIVICA RADICAL → UNIDOS	SANTA FE	AFIRMATIVO	AFIRMATIVO	AFIRMATIVO	AFIRMATIVO	AFIRMATIVO	AFIRMATIVO	AFIRMATIVO	AUSENTE	AFIRMATIVO	AFIRMATIVO	AUSENTE	AFIRMATIVO	AUSENTE	AFIRMATIVO	NEGATIVO	AFIRMATIVO	AFIRMATIVO	AFIRMATIVO	AFIRMATIVO	AFIRMATIVO	AFIRMATIVO	NEGATIVO	NEGATIVO	AFIRMATIVO	AFIRMATIVO	AFIRMATIVO	AFIRMATIVO	AFIRMATIVO	AFIRMATIVO	AFIRMATIVO	ABSTENCION	AFIRMATIVO
BASTERRA, LUIS EUGENIO	UNION POR LA PATRIA		FORMOSA	NEGATIVO	NEGATIVO	NEGATIVO	NEGATIVO	AFIRMATIVO	NEGATIVO	AFIRMATIVO	AFIRMATIVO	AFIRMATIVO	AFIRMATIVO	NEGATIVO	NEGATIVO	AFIRMATIVO	AFIRMATIVO	AFIRMATIVO	AFIRMATIVO	AFIRMATIVO	AFIRMATIVO	AFIRMATIVO	AFIRMATIVO	AFIRMATIVO	AFIRMATIVO	AFIRMATIVO	AFIRMATIVO	AFIRMATIVO	AFIRMATIVO	AFIRMATIVO	AFIRMATIVO	AFIRMATIVO	AFIRMATIVO	AFIRMATIVO	AFIRMATIVO
BENEDETTI, ATILIO	UCR   UNION CIVICA RADICAL		ENTRE RÍOS	AFIRMATIVO	AFIRMATIVO	AFIRMATIVO	AFIRMATIVO	AFIRMATIVO	AFIRMATIVO	AFIRMATIVO	AFIRMATIVO	AFIRMATIVO	AFIRMATIVO	AFIRMATIVO	AFIRMATIVO	NEGATIVO	ABSTENCION	NEGATIVO	AFIRMATIVO	AFIRMATIVO	AFIRMATIVO	AFIRMATIVO	AUSENTE	AUSENTE	AUSENTE	AUSENTE	AUSENTE	AUSENTE	NEGATIVO	NEGATIVO	NEGATIVO	AFIRMATIVO	AFIRMATIVO	ABSTENCION	ABSTENCION
BENEDIT, BELTRAN	LA LIBERTAD AVANZA		ENTRE RÍOS	AFIRMATIVO	AFIRMATIVO	AFIRMATIVO	AFIRMATIVO	NEGATIVO	AFIRMATIVO	NEGATIVO	NEGATIVO	NEGATIVO	NEGATIVO	AFIRMATIVO	AFIRMATIVO	NEGATIVO	NEGATIVO	NEGATIVO	NEGATIVO	NEGATIVO	NEGATIVO	NEGATIVO	NEGATIVO	NEGATIVO	NEGATIVO	NEGATIVO	NEGATIVO	NEGATIVO	NEGATIVO	NEGATIVO	NEGATIVO	NEGATIVO	NEGATIVO	NEGATIVO	NEGATIVO
BENEGAS LYNCH, BERTIE	LA LIBERTAD AVANZA		BUENOS AIRES	AFIRMATIVO	AFIRMATIVO	AFIRMATIVO	AFIRMATIVO	NEGATIVO	AFIRMATIVO	NEGATIVO	NEGATIVO	NEGATIVO	NEGATIVO	AFIRMATIVO	AFIRMATIVO	NEGATIVO	NEGATIVO	NEGATIVO	NEGATIVO	AUSENTE	NEGATIVO	NEGATIVO	NEGATIVO	NEGATIVO	NEGATIVO	NEGATIVO	NEGATIVO	NEGATIVO	NEGATIVO	NEGATIVO	NEGATIVO	NEGATIVO	NEGATIVO	NEGATIVO	NEGATIVO
BERMEJO, ADOLFO	UNION POR LA PATRIA		MENDOZA	NEGATIVO	NEGATIVO	NEGATIVO	NEGATIVO	AFIRMATIVO	NEGATIVO	AFIRMATIVO	AFIRMATIVO	AFIRMATIVO	AFIRMATIVO	NEGATIVO	NEGATIVO	AFIRMATIVO	AFIRMATIVO	AFIRMATIVO	AFIRMATIVO	AFIRMATIVO	AFIRMATIVO	AFIRMATIVO	AFIRMATIVO	AFIRMATIVO	AFIRMATIVO	AFIRMATIVO	AFIRMATIVO	AFIRMATIVO	AFIRMATIVO	AFIRMATIVO	AFIRMATIVO	AFIRMATIVO	AFIRMATIVO	AUSENTE	AUSENTE
BERTOLDI, TANYA	UNION POR LA PATRIA		NEUQUÉN	NEGATIVO	NEGATIVO	NEGATIVO	NEGATIVO	AFIRMATIVO	NEGATIVO	AFIRMATIVO	AUSENTE	AFIRMATIVO	AFIRMATIVO	AUSENTE	NEGATIVO	AUSENTE	AFIRMATIVO	AFIRMATIVO	AFIRMATIVO	AFIRMATIVO	AFIRMATIVO	AFIRMATIVO	AFIRMATIVO	AFIRMATIVO	AFIRMATIVO	AFIRMATIVO	AFIRMATIVO	AFIRMATIVO	AUSENTE	AUSENTE	AUSENTE	AFIRMATIVO	AFIRMATIVO	AFIRMATIVO	AUSENTE
BESANA, GABRIELA	PRO		BUENOS AIRES	AFIRMATIVO	AFIRMATIVO	AFIRMATIVO	AFIRMATIVO	NEGATIVO	AFIRMATIVO	NEGATIVO	AFIRMATIVO	NEGATIVO	NEGATIVO	AFIRMATIVO	AFIRMATIVO	NEGATIVO	ABSTENCION	NEGATIVO	NEGATIVO	AFIRMATIVO	NEGATIVO	AUSENTE	AUSENTE	AUSENTE	AUSENTE	AUSENTE	AUSENTE	ABSTENCION	NEGATIVO	NEGATIVO	NEGATIVO	AFIRMATIVO	NEGATIVO	NEGATIVO	NEGATIVO
BIANCHETTI, EMMANUEL	PRO		MISIONES	AFIRMATIVO	AFIRMATIVO	AFIRMATIVO	AFIRMATIVO	NEGATIVO	AFIRMATIVO	AUSENTE	AUSENTE	NEGATIVO	NEGATIVO	AFIRMATIVO	AFIRMATIVO	NEGATIVO	AUSENTE	AUSENTE	AUSENTE	AUSENTE	NEGATIVO	NEGATIVO	NEGATIVO	NEGATIVO	NEGATIVO	NEGATIVO	NEGATIVO	NEGATIVO	NEGATIVO	NEGATIVO	NEGATIVO	AFIRMATIVO	AUSENTE	NEGATIVO	NEGATIVO
BONACCI, ROCIO	LA LIBERTAD AVANZA		SANTA FE	AFIRMATIVO	AFIRMATIVO	AFIRMATIVO	AFIRMATIVO	AUSENTE	AFIRMATIVO	NEGATIVO	NEGATIVO	NEGATIVO	NEGATIVO	AFIRMATIVO	AFIRMATIVO	NEGATIVO	NEGATIVO	NEGATIVO	NEGATIVO	NEGATIVO	NEGATIVO	NEGATIVO	NEGATIVO	NEGATIVO	NEGATIVO	NEGATIVO	NEGATIVO	NEGATIVO	NEGATIVO	NEGATIVO	NEGATIVO	AUSENTE	AUSENTE	NEGATIVO	NEGATIVO
BONGIOVANNI, ALEJANDRO	PRO		SANTA FE	AFIRMATIVO	AFIRMATIVO	AFIRMATIVO	AFIRMATIVO	NEGATIVO	AFIRMATIVO	NEGATIVO	AFIRMATIVO	NEGATIVO	NEGATIVO	AFIRMATIVO	AFIRMATIVO	NEGATIVO	NEGATIVO	NEGATIVO	NEGATIVO	AUSENTE	NEGATIVO	NEGATIVO	NEGATIVO	NEGATIVO	NEGATIVO	NEGATIVO	NEGATIVO	NEGATIVO	NEGATIVO	NEGATIVO	NEGATIVO	NEGATIVO	NEGATIVO	NEGATIVO	NEGATIVO
BORDET, GUSTAVO	UNION POR LA PATRIA		ENTRE RÍOS	NEGATIVO	NEGATIVO	NEGATIVO	NEGATIVO	AFIRMATIVO	NEGATIVO	AUSENTE	AUSENTE	AFIRMATIVO	AFIRMATIVO	NEGATIVO	NEGATIVO	AFIRMATIVO	AFIRMATIVO	AFIRMATIVO	AFIRMATIVO	AFIRMATIVO	AFIRMATIVO	AFIRMATIVO	AFIRMATIVO	AFIRMATIVO	AFIRMATIVO	AFIRMATIVO	AFIRMATIVO	AFIRMATIVO	AFIRMATIVO	AFIRMATIVO	AFIRMATIVO	AFIRMATIVO	AFIRMATIVO	AUSENTE	AUSENTE
BORNORONI, GABRIEL	LA LIBERTAD AVANZA		CÓRDOBA	AFIRMATIVO	AFIRMATIVO	AFIRMATIVO	AFIRMATIVO	NEGATIVO	AFIRMATIVO	NEGATIVO	NEGATIVO	NEGATIVO	NEGATIVO	AFIRMATIVO	AFIRMATIVO	NEGATIVO	NEGATIVO	NEGATIVO	NEGATIVO	NEGATIVO	NEGATIVO	NEGATIVO	NEGATIVO	NEGATIVO	NEGATIVO	NEGATIVO	NEGATIVO	NEGATIVO	NEGATIVO	NEGATIVO	NEGATIVO	NEGATIVO	NEGATIVO	NEGATIVO	NEGATIVO
BORREGO, VICTORIA	COALICION CIVICA	HACEMOS COALICION FEDERAL → COALICION CIVICA	BUENOS AIRES	AFIRMATIVO	NEGATIVO	AFIRMATIVO	AFIRMATIVO	AFIRMATIVO	AFIRMATIVO	AFIRMATIVO	AFIRMATIVO	AFIRMATIVO	AFIRMATIVO	AFIRMATIVO	AFIRMATIVO	AFIRMATIVO	AFIRMATIVO	NEGATIVO	AFIRMATIVO	AFIRMATIVO	AFIRMATIVO	AFIRMATIVO	AFIRMATIVO	AFIRMATIVO	AFIRMATIVO	AFIRMATIVO	AFIRMATIVO	AFIRMATIVO	AFIRMATIVO	ABSTENCION	AFIRMATIVO	AFIRMATIVO	AFIRMATIVO	AFIRMATIVO	ABSTENCION
BRAMBILLA, SOFIA	PRO		CORRIENTES	AFIRMATIVO	AFIRMATIVO	AFIRMATIVO	AFIRMATIVO	NEGATIVO	AFIRMATIVO	NEGATIVO	AFIRMATIVO	NEGATIVO	NEGATIVO	AFIRMATIVO	AFIRMATIVO	NEGATIVO	ABSTENCION	NEGATIVO	NEGATIVO	AUSENTE	AFIRMATIVO	AFIRMATIVO	AUSENTE	AUSENTE	AUSENTE	AUSENTE	AUSENTE	AFIRMATIVO	AFIRMATIVO	AFIRMATIVO	AUSENTE	AFIRMATIVO	AFIRMATIVO	AFIRMATIVO	NEGATIVO
BROUWER DE KONING, GABRIELA	UCR   UNION CIVICA RADICAL		CÓRDOBA	AFIRMATIVO	AFIRMATIVO	AFIRMATIVO	AFIRMATIVO	AFIRMATIVO	AFIRMATIVO	AFIRMATIVO	AFIRMATIVO	AFIRMATIVO	AFIRMATIVO	AFIRMATIVO	AFIRMATIVO	NEGATIVO	ABSTENCION	NEGATIVO	AFIRMATIVO	AFIRMATIVO	AFIRMATIVO	AFIRMATIVO	AFIRMATIVO	AUSENTE	AUSENTE	AUSENTE	AUSENTE	AFIRMATIVO	AFIRMATIVO	NEGATIVO	NEGATIVO	AFIRMATIVO	AFIRMATIVO	ABSTENCION	ABSTENCION
BRUGGE, JUAN FERNANDO	ENCUENTRO FEDERAL	HACEMOS COALICION FEDERAL → ENCUENTRO FEDERAL	CÓRDOBA	AFIRMATIVO	NEGATIVO	AFIRMATIVO	AFIRMATIVO	AFIRMATIVO	AFIRMATIVO	AUSENTE	AFIRMATIVO	AFIRMATIVO	AFIRMATIVO	AFIRMATIVO	AUSENTE	ABSTENCION	AFIRMATIVO	AUSENTE	AFIRMATIVO	AFIRMATIVO	AFIRMATIVO	AFIRMATIVO	AFIRMATIVO	AFIRMATIVO	AFIRMATIVO	AFIRMATIVO	AFIRMATIVO	AFIRMATIVO	AFIRMATIVO	AFIRMATIVO	AFIRMATIVO	AFIRMATIVO	AFIRMATIVO	AFIRMATIVO	AFIRMATIVO
CAFIERO, SANTIAGO	UNION POR LA PATRIA		BUENOS AIRES	NEGATIVO	NEGATIVO	NEGATIVO	NEGATIVO	AFIRMATIVO	NEGATIVO	AFIRMATIVO	AFIRMATIVO	AFIRMATIVO	AFIRMATIVO	NEGATIVO	NEGATIVO	AFIRMATIVO	AFIRMATIVO	AFIRMATIVO	AFIRMATIVO	AFIRMATIVO	AFIRMATIVO	AFIRMATIVO	AFIRMATIVO	AFIRMATIVO	AFIRMATIVO	AFIRMATIVO	AFIRMATIVO	AFIRMATIVO	AFIRMATIVO	AFIRMATIVO	AFIRMATIVO	AFIRMATIVO	AFIRMATIVO	AFIRMATIVO	AFIRMATIVO
CALLETTI, PAMELA	INNOVACION FEDERAL		SALTA	AFIRMATIVO	NEGATIVO	AFIRMATIVO	AFIRMATIVO	AFIRMATIVO	AFIRMATIVO	AFIRMATIVO	AUSENTE	AUSENTE	AFIRMATIVO	AFIRMATIVO	AFIRMATIVO	AUSENTE	AFIRMATIVO	AFIRMATIVO	AFIRMATIVO	AUSENTE	AFIRMATIVO	AFIRMATIVO	AUSENTE	AUSENTE	AUSENTE	AUSENTE	AFIRMATIVO	AFIRMATIVO	AFIRMATIVO	AFIRMATIVO	NEGATIVO	AFIRMATIVO	AFIRMATIVO	AUSENTE	AUSENTE
CAMPAGNOLI, MARCELA	COALICION CIVICA	HACEMOS COALICION FEDERAL → COALICION CIVICA	BUENOS AIRES	AFIRMATIVO	NEGATIVO	AFIRMATIVO	AFIRMATIVO	AFIRMATIVO	AFIRMATIVO	AUSENTE	AFIRMATIVO	AFIRMATIVO	AFIRMATIVO	AFIRMATIVO	AFIRMATIVO	AFIRMATIVO	AFIRMATIVO	NEGATIVO	AFIRMATIVO	AFIRMATIVO	AFIRMATIVO	AFIRMATIVO	AFIRMATIVO	AFIRMATIVO	AFIRMATIVO	ABSTENCION	AFIRMATIVO	AFIRMATIVO	AFIRMATIVO	ABSTENCION	AFIRMATIVO	AFIRMATIVO	AFIRMATIVO	AFIRMATIVO	ABSTENCION
CAMPERO, MARIANO	LIGA DEL INTERIOR ELI	UCR   UNION CIVICA RADICAL → LIGA DEL INTERIOR ELI	TUCUMÁN	AFIRMATIVO	AFIRMATIVO	AFIRMATIVO	AFIRMATIVO	AFIRMATIVO	AFIRMATIVO	AUSENTE	NEGATIVO	NEGATIVO	NEGATIVO	AFIRMATIVO	AFIRMATIVO	NEGATIVO	AUSENTE	AUSENTE	AUSENTE	AUSENTE	NEGATIVO	AUSENTE	AUSENTE	AUSENTE	AUSENTE	AUSENTE	AUSENTE	NEGATIVO	NEGATIVO	AUSENTE	AUSENTE	AFIRMATIVO	NEGATIVO	NEGATIVO	NEGATIVO
CAMPITELLI, CELIA	UNION POR LA PATRIA		SANTIAGO DEL ESTERO	NEGATIVO	NEGATIVO	NEGATIVO	NEGATIVO	AFIRMATIVO	NEGATIVO	AFIRMATIVO	AUSENTE	AFIRMATIVO	AFIRMATIVO	NEGATIVO	AUSENTE	AFIRMATIVO	AUSENTE	AUSENTE	AUSENTE	AUSENTE	AFIRMATIVO	AFIRMATIVO	AFIRMATIVO	AFIRMATIVO	AFIRMATIVO	AFIRMATIVO	AFIRMATIVO	AFIRMATIVO	AFIRMATIVO	AFIRMATIVO	AFIRMATIVO	AFIRMATIVO	AFIRMATIVO	AFIRMATIVO	AFIRMATIVO
CAPOZZI, SERGIO EDUARDO	PRO		RIO NEGRO	AFIRMATIVO	AFIRMATIVO	AFIRMATIVO	AFIRMATIVO	NEGATIVO	AFIRMATIVO	NEGATIVO	AUSENTE	NEGATIVO	NEGATIVO	AFIRMATIVO	AFIRMATIVO	NEGATIVO	NEGATIVO	NEGATIVO	NEGATIVO	AUSENTE	NEGATIVO	AUSENTE	AUSENTE	AUSENTE	AUSENTE	AUSENTE	AUSENTE	NEGATIVO	NEGATIVO	NEGATIVO	NEGATIVO	AUSENTE	NEGATIVO	NEGATIVO	NEGATIVO
CARBAJAL, FERNANDO	DEMOCRACIA PARA SIEMPRE	UCR   UNION CIVICA RADICAL → DEMOCRACIA PARA SIEMPRE	FORMOSA	AFIRMATIVO	NEGATIVO	ABSTENCION	ABSTENCION	AFIRMATIVO	AFIRMATIVO	AFIRMATIVO	AFIRMATIVO	AFIRMATIVO	AUSENTE	AFIRMATIVO	NEGATIVO	AFIRMATIVO	AFIRMATIVO	ABSTENCION	AFIRMATIVO	AFIRMATIVO	AFIRMATIVO	AFIRMATIVO	AFIRMATIVO	AFIRMATIVO	AFIRMATIVO	ABSTENCION	AFIRMATIVO	AFIRMATIVO	AFIRMATIVO	AFIRMATIVO	AFIRMATIVO	AUSENTE	AUSENTE	AFIRMATIVO	AFIRMATIVO
CARIGNANO, FLORENCIA	UNION POR LA PATRIA		SANTA FE	NEGATIVO	NEGATIVO	NEGATIVO	NEGATIVO	AFIRMATIVO	NEGATIVO	AFIRMATIVO	AFIRMATIVO	AFIRMATIVO	AFIRMATIVO	NEGATIVO	NEGATIVO	AFIRMATIVO	AFIRMATIVO	AFIRMATIVO	AFIRMATIVO	AFIRMATIVO	AFIRMATIVO	AFIRMATIVO	AFIRMATIVO	AFIRMATIVO	AFIRMATIVO	AFIRMATIVO	AFIRMATIVO	AFIRMATIVO	AFIRMATIVO	AFIRMATIVO	AFIRMATIVO	AFIRMATIVO	AFIRMATIVO	AFIRMATIVO	AFIRMATIVO
CARRIZO, ANA CARLA	DEMOCRACIA PARA SIEMPRE	UCR   UNION CIVICA RADICAL → DEMOCRACIA PARA SIEMPRE	C.A.B.A.	AFIRMATIVO	NEGATIVO	AFIRMATIVO	AUSENTE	AFIRMATIVO	AFIRMATIVO	AFIRMATIVO	AFIRMATIVO	AFIRMATIVO	AFIRMATIVO	AFIRMATIVO	NEGATIVO	AFIRMATIVO	AFIRMATIVO	ABSTENCION	AFIRMATIVO	AFIRMATIVO	AFIRMATIVO	AFIRMATIVO	AFIRMATIVO	AFIRMATIVO	AFIRMATIVO	NEGATIVO	AFIRMATIVO	AFIRMATIVO	AFIRMATIVO	AFIRMATIVO	AFIRMATIVO	AFIRMATIVO	AFIRMATIVO	AFIRMATIVO	AFIRMATIVO
CARRIZO, SOLEDAD	UCR   UNION CIVICA RADICAL		CÓRDOBA	AFIRMATIVO	AFIRMATIVO	AFIRMATIVO	AFIRMATIVO	AFIRMATIVO	AFIRMATIVO	AFIRMATIVO	AFIRMATIVO	AFIRMATIVO	AFIRMATIVO	AUSENTE	AFIRMATIVO	NEGATIVO	ABSTENCION	NEGATIVO	AFIRMATIVO	AFIRMATIVO	AFIRMATIVO	AFIRMATIVO	AFIRMATIVO	AUSENTE	AUSENTE	AUSENTE	AUSENTE	AFIRMATIVO	NEGATIVO	NEGATIVO	NEGATIVO	AFIRMATIVO	AFIRMATIVO	ABSTENCION	ABSTENCION
CARRO, PABLO	UNION POR LA PATRIA		CÓRDOBA	NEGATIVO	NEGATIVO	NEGATIVO	NEGATIVO	AFIRMATIVO	NEGATIVO	AFIRMATIVO	AFIRMATIVO	AFIRMATIVO	AFIRMATIVO	NEGATIVO	NEGATIVO	AFIRMATIVO	AFIRMATIVO	AFIRMATIVO	AFIRMATIVO	AFIRMATIVO	AFIRMATIVO	AFIRMATIVO	AFIRMATIVO	AFIRMATIVO	AFIRMATIVO	AFIRMATIVO	AFIRMATIVO	AFIRMATIVO	AFIRMATIVO	AFIRMATIVO	AFIRMATIVO	AFIRMATIVO	AFIRMATIVO	AFIRMATIVO	AFIRMATIVO
CASAS, SERGIO GUILLERMO	UNION POR LA PATRIA		LA RIOJA	NEGATIVO	NEGATIVO	NEGATIVO	AUSENTE	AFIRMATIVO	NEGATIVO	AFIRMATIVO	AFIRMATIVO	AFIRMATIVO	AFIRMATIVO	NEGATIVO	NEGATIVO	AFIRMATIVO	AFIRMATIVO	AFIRMATIVO	AFIRMATIVO	AFIRMATIVO	AFIRMATIVO	AFIRMATIVO	AFIRMATIVO	AFIRMATIVO	AFIRMATIVO	AFIRMATIVO	AFIRMATIVO	AFIRMATIVO	AFIRMATIVO	AFIRMATIVO	AFIRMATIVO	AFIRMATIVO	AFIRMATIVO	AFIRMATIVO	AFIRMATIVO
CASTAGNETO, CARLOS DANIEL	UNION POR LA PATRIA		BUENOS AIRES	NEGATIVO	NEGATIVO	NEGATIVO	NEGATIVO	AFIRMATIVO	NEGATIVO	AFIRMATIVO	AFIRMATIVO	AFIRMATIVO	AFIRMATIVO	NEGATIVO	NEGATIVO	AUSENTE	AFIRMATIVO	AFIRMATIVO	AFIRMATIVO	AFIRMATIVO	AFIRMATIVO	AFIRMATIVO	AFIRMATIVO	AFIRMATIVO	AFIRMATIVO	AFIRMATIVO	AFIRMATIVO	AFIRMATIVO	AFIRMATIVO	AFIRMATIVO	AFIRMATIVO	AFIRMATIVO	AFIRMATIVO	AFIRMATIVO	AFIRMATIVO
CASTILLO, CHRISTIAN	PTS FRENTE DE IZQUIERDA UNIDAD		BUENOS AIRES	NEGATIVO	NEGATIVO	NEGATIVO	NEGATIVO	ABSTENCION	NEGATIVO	AFIRMATIVO	AFIRMATIVO	AFIRMATIVO	AFIRMATIVO	NEGATIVO	NEGATIVO	AFIRMATIVO	AFIRMATIVO	AFIRMATIVO	AFIRMATIVO	AFIRMATIVO	AFIRMATIVO	AFIRMATIVO	AFIRMATIVO	AFIRMATIVO	AFIRMATIVO	AFIRMATIVO	AFIRMATIVO	AFIRMATIVO	AFIRMATIVO	ABSTENCION	AFIRMATIVO	AFIRMATIVO	AFIRMATIVO	AFIRMATIVO	AFIRMATIVO
CERVI, PABLO	LIGA DEL INTERIOR ELI	UCR   UNION CIVICA RADICAL → LIGA DEL INTERIOR ELI	NEUQUÉN	AFIRMATIVO	NEGATIVO	AFIRMATIVO	AFIRMATIVO	AFIRMATIVO	AFIRMATIVO	AFIRMATIVO	NEGATIVO	NEGATIVO	ABSTENCION	AFIRMATIVO	AFIRMATIVO	NEGATIVO	NEGATIVO	NEGATIVO	NEGATIVO	AFIRMATIVO	NEGATIVO	NEGATIVO	NEGATIVO	NEGATIVO	NEGATIVO	NEGATIVO	NEGATIVO	NEGATIVO	NEGATIVO	NEGATIVO	NEGATIVO	NEGATIVO	NEGATIVO	NEGATIVO	NEGATIVO
CHAHER, LEILA	UNION POR LA PATRIA		JUJUY	NEGATIVO	NEGATIVO	NEGATIVO	NEGATIVO	AFIRMATIVO	NEGATIVO	AUSENTE	AFIRMATIVO	AFIRMATIVO	AFIRMATIVO	NEGATIVO	NEGATIVO	AFIRMATIVO	AFIRMATIVO	AFIRMATIVO	AFIRMATIVO	AFIRMATIVO	AFIRMATIVO	AFIRMATIVO	AFIRMATIVO	AFIRMATIVO	AFIRMATIVO	AFIRMATIVO	AFIRMATIVO	AFIRMATIVO	AFIRMATIVO	AFIRMATIVO	AFIRMATIVO	AFIRMATIVO	AFIRMATIVO	AFIRMATIVO	AFIRMATIVO
CHICA, JORGE	UNION POR LA PATRIA		SAN JUAN	NEGATIVO	NEGATIVO	NEGATIVO	NEGATIVO	AFIRMATIVO	NEGATIVO	AFIRMATIVO	AFIRMATIVO	AFIRMATIVO	AFIRMATIVO	NEGATIVO	NEGATIVO	AFIRMATIVO	AFIRMATIVO	AFIRMATIVO	AFIRMATIVO	AFIRMATIVO	AFIRMATIVO	AFIRMATIVO	AFIRMATIVO	AFIRMATIVO	AFIRMATIVO	AFIRMATIVO	AFIRMATIVO	AFIRMATIVO	AFIRMATIVO	AFIRMATIVO	AFIRMATIVO	AFIRMATIVO	AFIRMATIVO	AFIRMATIVO	AFIRMATIVO
CHOMIAK, MARIA LUISA	UNION POR LA PATRIA		CHACO	NEGATIVO	NEGATIVO	NEGATIVO	NEGATIVO	AFIRMATIVO	NEGATIVO	AFIRMATIVO	AFIRMATIVO	AFIRMATIVO	AFIRMATIVO	NEGATIVO	NEGATIVO	AFIRMATIVO	AFIRMATIVO	AFIRMATIVO	AFIRMATIVO	AFIRMATIVO	AFIRMATIVO	AFIRMATIVO	AFIRMATIVO	AFIRMATIVO	AFIRMATIVO	AFIRMATIVO	AFIRMATIVO	AFIRMATIVO	AFIRMATIVO	AFIRMATIVO	AFIRMATIVO	AFIRMATIVO	AFIRMATIVO	AFIRMATIVO	AFIRMATIVO
CHUMPITAZ, GABRIEL FELIPE	FUTURO Y LIBERTAD	PRO → FUTURO Y LIBERTAD	SANTA FE	AFIRMATIVO	AFIRMATIVO	AFIRMATIVO	AFIRMATIVO	NEGATIVO	AFIRMATIVO	NEGATIVO	AFIRMATIVO	NEGATIVO	NEGATIVO	AFIRMATIVO	AFIRMATIVO	AUSENTE	NEGATIVO	NEGATIVO	AUSENTE	AUSENTE	AUSENTE	NEGATIVO	NEGATIVO	NEGATIVO	NEGATIVO	NEGATIVO	NEGATIVO	AFIRMATIVO	NEGATIVO	NEGATIVO	NEGATIVO	AFIRMATIVO	AFIRMATIVO	NEGATIVO	AUSENTE
CIPOLINI, GERARDO	UCR   UNION CIVICA RADICAL		CHACO	AFIRMATIVO	AFIRMATIVO	AFIRMATIVO	AFIRMATIVO	AFIRMATIVO	AFIRMATIVO	AUSENTE	AUSENTE	AUSENTE	AFIRMATIVO	AFIRMATIVO	AFIRMATIVO	AUSENTE	AUSENTE	AUSENTE	AUSENTE	AUSENTE	AUSENTE	AUSENTE	AUSENTE	AUSENTE	AUSENTE	AUSENTE	AUSENTE	NEGATIVO	NEGATIVO	NEGATIVO	NEGATIVO	AUSENTE	AUSENTE	ABSTENCION	ABSTENCION
CISNEROS, CARLOS	UNION POR LA PATRIA		TUCUMÁN	NEGATIVO	NEGATIVO	NEGATIVO	NEGATIVO	AFIRMATIVO	NEGATIVO	AUSENTE	AUSENTE	AFIRMATIVO	AFIRMATIVO	AUSENTE	NEGATIVO	AFIRMATIVO	AFIRMATIVO	AFIRMATIVO	AFIRMATIVO	AFIRMATIVO	AFIRMATIVO	AFIRMATIVO	AFIRMATIVO	AFIRMATIVO	AFIRMATIVO	AFIRMATIVO	AFIRMATIVO	AFIRMATIVO	AFIRMATIVO	AFIRMATIVO	AFIRMATIVO	AFIRMATIVO	AFIRMATIVO	AFIRMATIVO	AFIRMATIVO
COBOS, JULIO	UCR   UNION CIVICA RADICAL		MENDOZA	AFIRMATIVO	NEGATIVO	AFIRMATIVO	AFIRMATIVO	AFIRMATIVO	AFIRMATIVO	AFIRMATIVO	AFIRMATIVO	AFIRMATIVO	AFIRMATIVO	AFIRMATIVO	AFIRMATIVO	AFIRMATIVO	AFIRMATIVO	NEGATIVO	AFIRMATIVO	AFIRMATIVO	AFIRMATIVO	AFIRMATIVO	AFIRMATIVO	AFIRMATIVO	AFIRMATIVO	AFIRMATIVO	AFIRMATIVO	AFIRMATIVO	AFIRMATIVO	AFIRMATIVO	AFIRMATIVO	AFIRMATIVO	AFIRMATIVO	AFIRMATIVO	AFIRMATIVO
COLETTA, MARIELA	DEMOCRACIA PARA SIEMPRE	UCR   UNION CIVICA RADICAL → DEMOCRACIA PARA SIEMPRE	C.A.B.A.	AFIRMATIVO	NEGATIVO	AFIRMATIVO	AFIRMATIVO	AFIRMATIVO	AFIRMATIVO	AFIRMATIVO	AFIRMATIVO	AFIRMATIVO	AFIRMATIVO	AFIRMATIVO	NEGATIVO	AFIRMATIVO	AFIRMATIVO	ABSTENCION	AFIRMATIVO	AFIRMATIVO	AFIRMATIVO	AFIRMATIVO	AFIRMATIVO	AFIRMATIVO	AFIRMATIVO	NEGATIVO	AFIRMATIVO	AFIRMATIVO	AFIRMATIVO	AFIRMATIVO	AFIRMATIVO	AFIRMATIVO	AFIRMATIVO	AFIRMATIVO	AFIRMATIVO
COLI, MARCELA	DEMOCRACIA PARA SIEMPRE	UCR   UNION CIVICA RADICAL → DEMOCRACIA PARA SIEMPRE	LA PAMPA	AFIRMATIVO	NEGATIVO	ABSTENCION	ABSTENCION	AFIRMATIVO	AFIRMATIVO	AFIRMATIVO	AFIRMATIVO	AFIRMATIVO	AFIRMATIVO	AFIRMATIVO	NEGATIVO	AFIRMATIVO	AUSENTE	AUSENTE	AUSENTE	AUSENTE	AFIRMATIVO	AFIRMATIVO	AFIRMATIVO	AFIRMATIVO	AFIRMATIVO	AFIRMATIVO	AFIRMATIVO	AFIRMATIVO	AFIRMATIVO	AFIRMATIVO	AFIRMATIVO	AFIRMATIVO	AFIRMATIVO	AFIRMATIVO	AFIRMATIVO
CORREA LLANO, FACUNDO	LA LIBERTAD AVANZA		MENDOZA	AFIRMATIVO	AFIRMATIVO	AFIRMATIVO	AFIRMATIVO	NEGATIVO	AFIRMATIVO	NEGATIVO	NEGATIVO	NEGATIVO	NEGATIVO	AFIRMATIVO	AFIRMATIVO	NEGATIVO	NEGATIVO	NEGATIVO	NEGATIVO	NEGATIVO	NEGATIVO	NEGATIVO	NEGATIVO	NEGATIVO	NEGATIVO	NEGATIVO	NEGATIVO	NEGATIVO	NEGATIVO	NEGATIVO	NEGATIVO	NEGATIVO	NEGATIVO	NEGATIVO	NEGATIVO
D'ALESSANDRO, CARLOS	COHERENCIA	LA LIBERTAD AVANZA → COHERENCIA	SAN LUIS	AFIRMATIVO	AFIRMATIVO	AFIRMATIVO	AFIRMATIVO	NEGATIVO	AFIRMATIVO	NEGATIVO	AUSENTE	NEGATIVO	NEGATIVO	AFIRMATIVO	AFIRMATIVO	NEGATIVO	AUSENTE	AUSENTE	AUSENTE	AUSENTE	NEGATIVO	NEGATIVO	NEGATIVO	NEGATIVO	NEGATIVO	NEGATIVO	NEGATIVO	AFIRMATIVO	AFIRMATIVO	AFIRMATIVO	AFIRMATIVO	AFIRMATIVO	AFIRMATIVO	AFIRMATIVO	NEGATIVO
DAIVES, RICARDO	UNION POR LA PATRIA		SANTIAGO DEL ESTERO	NEGATIVO	NEGATIVO	NEGATIVO	NEGATIVO	AUSENTE	NEGATIVO	AFIRMATIVO	AFIRMATIVO	AFIRMATIVO	AFIRMATIVO	NEGATIVO	NEGATIVO	AFIRMATIVO	AFIRMATIVO	AFIRMATIVO	AFIRMATIVO	AFIRMATIVO	AFIRMATIVO	AFIRMATIVO	AFIRMATIVO	AFIRMATIVO	AFIRMATIVO	AFIRMATIVO	AFIRMATIVO	AFIRMATIVO	AFIRMATIVO	AFIRMATIVO	AFIRMATIVO	AFIRMATIVO	AFIRMATIVO	AFIRMATIVO	AFIRMATIVO
DE LA SOTA, NATALIA	ENCUENTRO FEDERAL	HACEMOS COALICION FEDERAL → ENCUENTRO FEDERAL	CÓRDOBA	NEGATIVO	NEGATIVO	NEGATIVO	AUSENTE	AFIRMATIVO	NEGATIVO	AFIRMATIVO	AFIRMATIVO	AFIRMATIVO	AFIRMATIVO	AUSENTE	NEGATIVO	AFIRMATIVO	AFIRMATIVO	AFIRMATIVO	AFIRMATIVO	AUSENTE	AFIRMATIVO	AFIRMATIVO	AFIRMATIVO	AFIRMATIVO	AFIRMATIVO	AUSENTE	AFIRMATIVO	AFIRMATIVO	AFIRMATIVO	AFIRMATIVO	AFIRMATIVO	AFIRMATIVO	AFIRMATIVO	AFIRMATIVO	AFIRMATIVO
DE LOREDO, RODRIGO	UCR   UNION CIVICA RADICAL		CÓRDOBA	AFIRMATIVO	AFIRMATIVO	AFIRMATIVO	AFIRMATIVO	AFIRMATIVO	AFIRMATIVO	AFIRMATIVO	AUSENTE	AFIRMATIVO	AFIRMATIVO	AFIRMATIVO	AFIRMATIVO	NEGATIVO	ABSTENCION	NEGATIVO	AUSENTE	AUSENTE	AFIRMATIVO	AFIRMATIVO	AUSENTE	AUSENTE	AUSENTE	AUSENTE	AUSENTE	AFIRMATIVO	AFIRMATIVO	NEGATIVO	NEGATIVO	AFIRMATIVO	AFIRMATIVO	ABSTENCION	ABSTENCION
DE SENSI, MARIA FLORENCIA	PRO		BUENOS AIRES	AFIRMATIVO	AFIRMATIVO	AFIRMATIVO	AFIRMATIVO	NEGATIVO	AFIRMATIVO	NEGATIVO	AFIRMATIVO	NEGATIVO	NEGATIVO	AFIRMATIVO	AFIRMATIVO	NEGATIVO	NEGATIVO	NEGATIVO	NEGATIVO	AFIRMATIVO	NEGATIVO	NEGATIVO	NEGATIVO	NEGATIVO	NEGATIVO	NEGATIVO	NEGATIVO	NEGATIVO	NEGATIVO	NEGATIVO	NEGATIVO	NEGATIVO	NEGATIVO	NEGATIVO	NEGATIVO
DIEZ, ROMINA	LA LIBERTAD AVANZA		SANTA FE	AFIRMATIVO	AFIRMATIVO	AFIRMATIVO	AFIRMATIVO	NEGATIVO	AFIRMATIVO	NEGATIVO	NEGATIVO	NEGATIVO	NEGATIVO	AFIRMATIVO	AFIRMATIVO	NEGATIVO	NEGATIVO	NEGATIVO	NEGATIVO	NEGATIVO	NEGATIVO	NEGATIVO	NEGATIVO	NEGATIVO	NEGATIVO	NEGATIVO	NEGATIVO	NEGATIVO	NEGATIVO	NEGATIVO	NEGATIVO	NEGATIVO	NEGATIVO	NEGATIVO	NEGATIVO
DOMINGO, AGUSTIN	INNOVACION FEDERAL		RIO NEGRO	AFIRMATIVO	NEGATIVO	AFIRMATIVO	AFIRMATIVO	AFIRMATIVO	AFIRMATIVO	AFIRMATIVO	AUSENTE	ABSTENCION	AFIRMATIVO	AFIRMATIVO	AFIRMATIVO	AUSENTE	AUSENTE	AUSENTE	AUSENTE	AUSENTE	AUSENTE	AUSENTE	AUSENTE	AUSENTE	AUSENTE	AUSENTE	AUSENTE	AFIRMATIVO	AUSENTE	AFIRMATIVO	NEGATIVO	AFIRMATIVO	AFIRMATIVO	AUSENTE	AUSENTE
EMMA, NICOLAS	LA LIBERTAD AVANZA		C.A.B.A.	AFIRMATIVO	AFIRMATIVO	AFIRMATIVO	AFIRMATIVO	NEGATIVO	AFIRMATIVO	NEGATIVO	NEGATIVO	NEGATIVO	NEGATIVO	AFIRMATIVO	AFIRMATIVO	NEGATIVO	NEGATIVO	NEGATIVO	NEGATIVO	AUSENTE	NEGATIVO	NEGATIVO	NEGATIVO	NEGATIVO	NEGATIVO	NEGATIVO	NEGATIVO	NEGATIVO	NEGATIVO	NEGATIVO	NEGATIVO	NEGATIVO	NEGATIVO	NEGATIVO	NEGATIVO
ESPERT, JOSE LUIS	LA LIBERTAD AVANZA	AVANZA LIBERTAD → LA LIBERTAD AVANZA	BUENOS AIRES	AFIRMATIVO	AFIRMATIVO	AFIRMATIVO	AFIRMATIVO	NEGATIVO	AFIRMATIVO	NEGATIVO	NEGATIVO	NEGATIVO	NEGATIVO	AFIRMATIVO	AFIRMATIVO	NEGATIVO	NEGATIVO	NEGATIVO	NEGATIVO	NEGATIVO	NEGATIVO	NEGATIVO	NEGATIVO	NEGATIVO	NEGATIVO	NEGATIVO	NEGATIVO	NEGATIVO	NEGATIVO	NEGATIVO	NEGATIVO	NEGATIVO	NEGATIVO	AUSENTE	AUSENTE
ESTEVEZ, GABRIELA BEATRIZ	UNION POR LA PATRIA		CÓRDOBA	NEGATIVO	NEGATIVO	NEGATIVO	NEGATIVO	AFIRMATIVO	NEGATIVO	AUSENTE	AFIRMATIVO	AFIRMATIVO	AFIRMATIVO	NEGATIVO	NEGATIVO	AFIRMATIVO	AFIRMATIVO	AFIRMATIVO	AFIRMATIVO	AFIRMATIVO	AFIRMATIVO	AFIRMATIVO	AFIRMATIVO	AFIRMATIVO	AFIRMATIVO	AFIRMATIVO	AFIRMATIVO	AFIRMATIVO	AFIRMATIVO	AFIRMATIVO	AFIRMATIVO	AFIRMATIVO	AFIRMATIVO	AFIRMATIVO	AFIRMATIVO
ESTRADA, EMILIANO	UNION POR LA PATRIA		SALTA	NEGATIVO	NEGATIVO	NEGATIVO	NEGATIVO	AFIRMATIVO	NEGATIVO	AUSENTE	AUSENTE	AFIRMATIVO	AFIRMATIVO	NEGATIVO	NEGATIVO	AFIRMATIVO	AFIRMATIVO	AFIRMATIVO	AFIRMATIVO	AFIRMATIVO	AFIRMATIVO	AFIRMATIVO	AFIRMATIVO	AFIRMATIVO	AFIRMATIVO	AFIRMATIVO	AFIRMATIVO	AFIRMATIVO	AFIRMATIVO	AFIRMATIVO	AFIRMATIVO	AFIRMATIVO	AFIRMATIVO	AFIRMATIVO	AFIRMATIVO
FALCONE, EDUARDO	MID   MOVIMIENTO DE INTEGRACION Y DESARROLLO	LA LIBERTAD AVANZA → MID   MOVIMIENTO DE INTEGRACION Y DESARROLLO	BUENOS AIRES	AFIRMATIVO	AFIRMATIVO	AFIRMATIVO	AFIRMATIVO	NEGATIVO	AFIRMATIVO	NEGATIVO	NEGATIVO	NEGATIVO	NEGATIVO	AFIRMATIVO	AFIRMATIVO	ABSTENCION	AUSENTE	AUSENTE	AUSENTE	AUSENTE	AUSENTE	AUSENTE	AUSENTE	AUSENTE	AUSENTE	AUSENTE	AUSENTE	AFIRMATIVO	AFIRMATIVO	AFIRMATIVO	AFIRMATIVO	AFIRMATIVO	AFIRMATIVO	AFIRMATIVO	NEGATIVO
FEIN, MONICA	ENCUENTRO FEDERAL	HACEMOS COALICION FEDERAL → ENCUENTRO FEDERAL	SANTA FE	NEGATIVO	NEGATIVO	NEGATIVO	NEGATIVO	AFIRMATIVO	NEGATIVO	AFIRMATIVO	AFIRMATIVO	AFIRMATIVO	AFIRMATIVO	AFIRMATIVO	NEGATIVO	AFIRMATIVO	AFIRMATIVO	AFIRMATIVO	AFIRMATIVO	AFIRMATIVO	AFIRMATIVO	AFIRMATIVO	AFIRMATIVO	AFIRMATIVO	AFIRMATIVO	AFIRMATIVO	AFIRMATIVO	AFIRMATIVO	AFIRMATIVO	AFIRMATIVO	AFIRMATIVO	AFIRMATIVO	AFIRMATIVO	AFIRMATIVO	AFIRMATIVO
FERNANDEZ MOLERO, DAIANA	PRO		C.A.B.A.	AFIRMATIVO	AFIRMATIVO	AFIRMATIVO	AFIRMATIVO	NEGATIVO	AFIRMATIVO	NEGATIVO	AFIRMATIVO	NEGATIVO	NEGATIVO	AFIRMATIVO	AFIRMATIVO	NEGATIVO	NEGATIVO	NEGATIVO	NEGATIVO	AUSENTE	NEGATIVO	NEGATIVO	AUSENTE	NEGATIVO	NEGATIVO	NEGATIVO	AUSENTE	NEGATIVO	NEGATIVO	NEGATIVO	NEGATIVO	NEGATIVO	NEGATIVO	NEGATIVO	NEGATIVO
FERNANDEZ PATRI, RAMIRO	UNION POR LA PATRIA		FORMOSA	NEGATIVO	NEGATIVO	NEGATIVO	NEGATIVO	AFIRMATIVO	NEGATIVO	AFIRMATIVO	AFIRMATIVO	AFIRMATIVO	AFIRMATIVO	NEGATIVO	NEGATIVO	AFIRMATIVO	AFIRMATIVO	AFIRMATIVO	AFIRMATIVO	AFIRMATIVO	AFIRMATIVO	AFIRMATIVO	AFIRMATIVO	AFIRMATIVO	AFIRMATIVO	AFIRMATIVO	AFIRMATIVO	AFIRMATIVO	AFIRMATIVO	AFIRMATIVO	AFIRMATIVO	AFIRMATIVO	AFIRMATIVO	AFIRMATIVO	AFIRMATIVO
FERNANDEZ, AGUSTIN	INDEPENDENCIA		TUCUMÁN	AFIRMATIVO	AFIRMATIVO	AFIRMATIVO	AFIRMATIVO	AUSENTE	AFIRMATIVO	NEGATIVO	NEGATIVO	NEGATIVO	NEGATIVO	AFIRMATIVO	AFIRMATIVO	AUSENTE	AFIRMATIVO	AFIRMATIVO	AFIRMATIVO	AUSENTE	AFIRMATIVO	AFIRMATIVO	AUSENTE	AUSENTE	AUSENTE	AUSENTE	AUSENTE	AFIRMATIVO	AFIRMATIVO	AFIRMATIVO	NEGATIVO	AFIRMATIVO	AFIRMATIVO	AUSENTE	AUSENTE
FERNANDEZ, CARLOS ALBERTO	INNOVACION FEDERAL		MISIONES	AFIRMATIVO	NEGATIVO	AFIRMATIVO	AFIRMATIVO	AFIRMATIVO	AFIRMATIVO	AFIRMATIVO	ABSTENCION	ABSTENCION	ABSTENCION	AFIRMATIVO	AFIRMATIVO	AUSENTE	AUSENTE	AUSENTE	AUSENTE	AUSENTE	AUSENTE	AUSENTE	AUSENTE	AUSENTE	AUSENTE	AUSENTE	AUSENTE	AFIRMATIVO	ABSTENCION	AFIRMATIVO	ABSTENCION	AFIRMATIVO	AFIRMATIVO	ABSTENCION	ABSTENCION
FERNANDEZ, ELIA MARINA	INDEPENDENCIA		TUCUMÁN	AFIRMATIVO	AFIRMATIVO	AFIRMATIVO	AFIRMATIVO	AUSENTE	AFIRMATIVO	NEGATIVO	NEGATIVO	NEGATIVO	NEGATIVO	AFIRMATIVO	AFIRMATIVO	AUSENTE	AFIRMATIVO	AFIRMATIVO	AFIRMATIVO	AUSENTE	AFIRMATIVO	AFIRMATIVO	AUSENTE	AUSENTE	AUSENTE	AUSENTE	AUSENTE	AFIRMATIVO	AFIRMATIVO	AFIRMATIVO	NEGATIVO	AFIRMATIVO	AFIRMATIVO	AUSENTE	AUSENTE
FERRARO, MAXIMILIANO	COALICION CIVICA	HACEMOS COALICION FEDERAL → COALICION CIVICA	C.A.B.A.	AFIRMATIVO	NEGATIVO	AFIRMATIVO	AFIRMATIVO	AFIRMATIVO	AFIRMATIVO	AFIRMATIVO	AFIRMATIVO	AFIRMATIVO	AFIRMATIVO	AFIRMATIVO	AFIRMATIVO	AFIRMATIVO	AFIRMATIVO	NEGATIVO	AFIRMATIVO	AFIRMATIVO	AFIRMATIVO	AFIRMATIVO	AFIRMATIVO	AFIRMATIVO	AFIRMATIVO	AFIRMATIVO	AFIRMATIVO	AFIRMATIVO	AFIRMATIVO	ABSTENCION	AFIRMATIVO	AFIRMATIVO	AFIRMATIVO	AFIRMATIVO	AFIRMATIVO
FERREYRA, ALIDA	LA LIBERTAD AVANZA		C.A.B.A.	AFIRMATIVO	AFIRMATIVO	AFIRMATIVO	AFIRMATIVO	NEGATIVO	AFIRMATIVO	NEGATIVO	NEGATIVO	NEGATIVO	NEGATIVO	AFIRMATIVO	AFIRMATIVO	NEGATIVO	NEGATIVO	NEGATIVO	NEGATIVO	AUSENTE	NEGATIVO	NEGATIVO	NEGATIVO	NEGATIVO	NEGATIVO	NEGATIVO	NEGATIVO	NEGATIVO	NEGATIVO	NEGATIVO	NEGATIVO	NEGATIVO	NEGATIVO	NEGATIVO	NEGATIVO
FIGUEROA CASAS, GERMANA	PRO		SANTA FE	AFIRMATIVO	AFIRMATIVO	AFIRMATIVO	AFIRMATIVO	NEGATIVO	AFIRMATIVO	NEGATIVO	AFIRMATIVO	NEGATIVO	NEGATIVO	AFIRMATIVO	AFIRMATIVO	NEGATIVO	ABSTENCION	NEGATIVO	NEGATIVO	AUSENTE	ABSTENCION	NEGATIVO	AUSENTE	NEGATIVO	NEGATIVO	NEGATIVO	AUSENTE	AUSENTE	NEGATIVO	NEGATIVO	NEGATIVO	AUSENTE	AFIRMATIVO	NEGATIVO	NEGATIVO
FINOCCHIARO, ALEJANDRO	PRO		BUENOS AIRES	AFIRMATIVO	AFIRMATIVO	AFIRMATIVO	AFIRMATIVO	NEGATIVO	AFIRMATIVO	NEGATIVO	AFIRMATIVO	NEGATIVO	NEGATIVO	AFIRMATIVO	AFIRMATIVO	NEGATIVO	NEGATIVO	NEGATIVO	NEGATIVO	AFIRMATIVO	NEGATIVO	NEGATIVO	NEGATIVO	NEGATIVO	NEGATIVO	NEGATIVO	NEGATIVO	NEGATIVO	NEGATIVO	NEGATIVO	NEGATIVO	NEGATIVO	NEGATIVO	NEGATIVO	NEGATIVO
FRADE, MONICA	COALICION CIVICA	HACEMOS COALICION FEDERAL → COALICION CIVICA	BUENOS AIRES	AFIRMATIVO	NEGATIVO	ABSTENCION	AFIRMATIVO	AFIRMATIVO	ABSTENCION	AFIRMATIVO	AFIRMATIVO	AFIRMATIVO	AFIRMATIVO	AFIRMATIVO	AFIRMATIVO	AFIRMATIVO	AFIRMATIVO	AUSENTE	AFIRMATIVO	AFIRMATIVO	AFIRMATIVO	AFIRMATIVO	AFIRMATIVO	AFIRMATIVO	AFIRMATIVO	AFIRMATIVO	AFIRMATIVO	AFIRMATIVO	AFIRMATIVO	ABSTENCION	AFIRMATIVO	AFIRMATIVO	AFIRMATIVO	AFIRMATIVO	AFIRMATIVO
FREITES, ANDREA	UNION POR LA PATRIA		TIERRA DEL FUEGO	NEGATIVO	NEGATIVO	NEGATIVO	NEGATIVO	AFIRMATIVO	NEGATIVO	AFIRMATIVO	AFIRMATIVO	AFIRMATIVO	AFIRMATIVO	NEGATIVO	NEGATIVO	AFIRMATIVO	AFIRMATIVO	AFIRMATIVO	AFIRMATIVO	AFIRMATIVO	AFIRMATIVO	AFIRMATIVO	AFIRMATIVO	AFIRMATIVO	AFIRMATIVO	AFIRMATIVO	AFIRMATIVO	AFIRMATIVO	AFIRMATIVO	AFIRMATIVO	AFIRMATIVO	AFIRMATIVO	AFIRMATIVO	AFIRMATIVO	AFIRMATIVO
GAILLARD, ANA CAROLINA	UNION POR LA PATRIA		ENTRE RÍOS	NEGATIVO	NEGATIVO	NEGATIVO	NEGATIVO	AFIRMATIVO	NEGATIVO	AUSENTE	AFIRMATIVO	AFIRMATIVO	AFIRMATIVO	NEGATIVO	NEGATIVO	AFIRMATIVO	AFIRMATIVO	AFIRMATIVO	AFIRMATIVO	AFIRMATIVO	AFIRMATIVO	AFIRMATIVO	AFIRMATIVO	AFIRMATIVO	AFIRMATIVO	AFIRMATIVO	AFIRMATIVO	AFIRMATIVO	AFIRMATIVO	AFIRMATIVO	AFIRMATIVO	AFIRMATIVO	AFIRMATIVO	AFIRMATIVO	AFIRMATIVO
GARCIA ARESCA, IGNACIO	ENCUENTRO FEDERAL	HACEMOS COALICION FEDERAL → ENCUENTRO FEDERAL	CÓRDOBA	AFIRMATIVO	NEGATIVO	AFIRMATIVO	AFIRMATIVO	AFIRMATIVO	AFIRMATIVO	AFIRMATIVO	AUSENTE	AFIRMATIVO	AFIRMATIVO	AFIRMATIVO	AFIRMATIVO	NEGATIVO	AFIRMATIVO	AUSENTE	AFIRMATIVO	AUSENTE	AFIRMATIVO	AFIRMATIVO	AFIRMATIVO	AFIRMATIVO	AFIRMATIVO	AFIRMATIVO	AFIRMATIVO	AFIRMATIVO	AFIRMATIVO	AFIRMATIVO	AUSENTE	AFIRMATIVO	AFIRMATIVO	AFIRMATIVO	AFIRMATIVO
GARCIA, CARLOS	LA LIBERTAD AVANZA		CHACO	AFIRMATIVO	AFIRMATIVO	AFIRMATIVO	AFIRMATIVO	NEGATIVO	AFIRMATIVO	NEGATIVO	NEGATIVO	NEGATIVO	NEGATIVO	AFIRMATIVO	AFIRMATIVO	NEGATIVO	NEGATIVO	NEGATIVO	NEGATIVO	NEGATIVO	NEGATIVO	NEGATIVO	NEGATIVO	NEGATIVO	NEGATIVO	NEGATIVO	NEGATIVO	NEGATIVO	NEGATIVO	NEGATIVO	NEGATIVO	NEGATIVO	NEGATIVO	NEGATIVO	NEGATIVO
GARRIDO, JOSE LUIS	POR SANTA CRUZ		SANTA CRUZ	AFIRMATIVO	NEGATIVO	AFIRMATIVO	AUSENTE	AFIRMATIVO	AFIRMATIVO	AFIRMATIVO	AUSENTE	AFIRMATIVO	NEGATIVO	AUSENTE	AFIRMATIVO	ABSTENCION	ABSTENCION	ABSTENCION	AFIRMATIVO	AFIRMATIVO	NEGATIVO	AFIRMATIVO	ABSTENCION	ABSTENCION	ABSTENCION	ABSTENCION	ABSTENCION	AFIRMATIVO	NEGATIVO	AFIRMATIVO	NEGATIVO	AFIRMATIVO	NEGATIVO	NEGATIVO	NEGATIVO
GINOCCHIO, SILVANA MICAELA	UNION POR LA PATRIA		CATAMARCA	NEGATIVO	NEGATIVO	NEGATIVO	NEGATIVO	AFIRMATIVO	NEGATIVO	AFIRMATIVO	AFIRMATIVO	AFIRMATIVO	AFIRMATIVO	NEGATIVO	AUSENTE	AFIRMATIVO	AFIRMATIVO	AFIRMATIVO	AFIRMATIVO	AFIRMATIVO	AFIRMATIVO	AFIRMATIVO	AFIRMATIVO	AFIRMATIVO	AFIRMATIVO	AFIRMATIVO	AFIRMATIVO	AFIRMATIVO	AFIRMATIVO	AFIRMATIVO	AFIRMATIVO	AFIRMATIVO	AFIRMATIVO	AFIRMATIVO	AFIRMATIVO
GIORGI, MELINA	DEMOCRACIA PARA SIEMPRE	UCR   UNION CIVICA RADICAL → DEMOCRACIA PARA SIEMPRE	SANTA FE	AFIRMATIVO	AFIRMATIVO	AFIRMATIVO	AFIRMATIVO	AFIRMATIVO	AFIRMATIVO	AFIRMATIVO	AFIRMATIVO	AFIRMATIVO	AFIRMATIVO	AFIRMATIVO	AFIRMATIVO	AUSENTE	AFIRMATIVO	ABSTENCION	AFIRMATIVO	AFIRMATIVO	AFIRMATIVO	AFIRMATIVO	AFIRMATIVO	AFIRMATIVO	ABSTENCION	NEGATIVO	AFIRMATIVO	AFIRMATIVO	AFIRMATIVO	AFIRMATIVO	AFIRMATIVO	AFIRMATIVO	AFIRMATIVO	ABSTENCION	NEGATIVO
GIUDICI, SILVANA	PRO		C.A.B.A.	AFIRMATIVO	AFIRMATIVO	AFIRMATIVO	AFIRMATIVO	NEGATIVO	AFIRMATIVO	NEGATIVO	ABSTENCION	NEGATIVO	NEGATIVO	AFIRMATIVO	AFIRMATIVO	NEGATIVO	NEGATIVO	NEGATIVO	NEGATIVO	AFIRMATIVO	NEGATIVO	NEGATIVO	NEGATIVO	NEGATIVO	NEGATIVO	NEGATIVO	NEGATIVO	NEGATIVO	NEGATIVO	NEGATIVO	NEGATIVO	NEGATIVO	NEGATIVO	NEGATIVO	NEGATIVO
GIULIANO, DIEGO A.	UNION POR LA PATRIA		SANTA FE	NEGATIVO	NEGATIVO	NEGATIVO	NEGATIVO	AFIRMATIVO	NEGATIVO	AFIRMATIVO	AFIRMATIVO	AFIRMATIVO	AFIRMATIVO	NEGATIVO	NEGATIVO	AFIRMATIVO	AFIRMATIVO	AFIRMATIVO	AFIRMATIVO	AFIRMATIVO	AFIRMATIVO	AFIRMATIVO	AFIRMATIVO	AFIRMATIVO	AFIRMATIVO	AFIRMATIVO	AFIRMATIVO	AFIRMATIVO	AFIRMATIVO	AFIRMATIVO	AFIRMATIVO	AFIRMATIVO	AFIRMATIVO	AFIRMATIVO	AFIRMATIVO
GLINSKI, JOSE	UNION POR LA PATRIA		CHUBUT	NEGATIVO	NEGATIVO	NEGATIVO	NEGATIVO	AFIRMATIVO	NEGATIVO	AUSENTE	AFIRMATIVO	AFIRMATIVO	AFIRMATIVO	NEGATIVO	NEGATIVO	AFIRMATIVO	AFIRMATIVO	AFIRMATIVO	AFIRMATIVO	AFIRMATIVO	AFIRMATIVO	AFIRMATIVO	AFIRMATIVO	AFIRMATIVO	AFIRMATIVO	AFIRMATIVO	AFIRMATIVO	AFIRMATIVO	AFIRMATIVO	AFIRMATIVO	AFIRMATIVO	AFIRMATIVO	AFIRMATIVO	AFIRMATIVO	AFIRMATIVO
GOLLAN, DANIEL	UNION POR LA PATRIA		BUENOS AIRES	NEGATIVO	NEGATIVO	NEGATIVO	NEGATIVO	AFIRMATIVO	NEGATIVO	AFIRMATIVO	AFIRMATIVO	AFIRMATIVO	AFIRMATIVO	AUSENTE	NEGATIVO	AFIRMATIVO	AFIRMATIVO	AFIRMATIVO	AFIRMATIVO	AFIRMATIVO	AFIRMATIVO	AFIRMATIVO	AFIRMATIVO	AFIRMATIVO	AFIRMATIVO	AFIRMATIVO	AFIRMATIVO	AFIRMATIVO	AFIRMATIVO	AFIRMATIVO	AFIRMATIVO	AFIRMATIVO	AFIRMATIVO	AFIRMATIVO	AFIRMATIVO
GOMEZ, JOSE	UNION POR LA PATRIA		SANTIAGO DEL ESTERO	AUSENTE	NEGATIVO	NEGATIVO	NEGATIVO	AFIRMATIVO	NEGATIVO	AFIRMATIVO	AFIRMATIVO	AFIRMATIVO	AFIRMATIVO	AUSENTE	NEGATIVO	AFIRMATIVO	AUSENTE	AUSENTE	AUSENTE	AUSENTE	AUSENTE	AUSENTE	AUSENTE	AUSENTE	AUSENTE	AUSENTE	AUSENTE	AUSENTE	AUSENTE	AUSENTE	AUSENTE	AUSENTE	AUSENTE	AUSENTE	AUSENTE
GONZALEZ, ALVARO	PRO		C.A.B.A.	AFIRMATIVO	AFIRMATIVO	AUSENTE	AUSENTE	NEGATIVO	AFIRMATIVO	AUSENTE	AFIRMATIVO	AFIRMATIVO	AFIRMATIVO	AFIRMATIVO	AFIRMATIVO	AUSENTE	AUSENTE	AUSENTE	AUSENTE	AUSENTE	AFIRMATIVO	AFIRMATIVO	AUSENTE	AUSENTE	AUSENTE	AUSENTE	AUSENTE	AFIRMATIVO	AFIRMATIVO	AFIRMATIVO	AUSENTE	AFIRMATIVO	AFIRMATIVO	AFIRMATIVO	NEGATIVO
GONZALEZ, GERARDO GUSTAVO	COHERENCIA	LA LIBERTAD AVANZA → COHERENCIA	FORMOSA	AFIRMATIVO	AFIRMATIVO	AFIRMATIVO	AFIRMATIVO	NEGATIVO	AFIRMATIVO	AUSENTE	AUSENTE	NEGATIVO	NEGATIVO	AFIRMATIVO	AFIRMATIVO	NEGATIVO	NEGATIVO	NEGATIVO	AUSENTE	NEGATIVO	NEGATIVO	NEGATIVO	NEGATIVO	NEGATIVO	NEGATIVO	NEGATIVO	NEGATIVO	AUSENTE	AUSENTE	AUSENTE	AUSENTE	AFIRMATIVO	AFIRMATIVO	AFIRMATIVO	NEGATIVO
GONZALEZ, GUSTAVO CARLOS MIGUEL	UNION POR LA PATRIA		SANTA CRUZ	NEGATIVO	NEGATIVO	NEGATIVO	NEGATIVO	AFIRMATIVO	NEGATIVO	AFIRMATIVO	AFIRMATIVO	AFIRMATIVO	AFIRMATIVO	NEGATIVO	NEGATIVO	AFIRMATIVO	AFIRMATIVO	AFIRMATIVO	AFIRMATIVO	AFIRMATIVO	AUSENTE	AUSENTE	AUSENTE	AUSENTE	AUSENTE	AUSENTE	AUSENTE	AFIRMATIVO	AFIRMATIVO	AFIRMATIVO	AFIRMATIVO	AFIRMATIVO	AFIRMATIVO	AFIRMATIVO	AFIRMATIVO
GUTIERREZ, CARLOS	ENCUENTRO FEDERAL	HACEMOS COALICION FEDERAL → ENCUENTRO FEDERAL	CÓRDOBA	AFIRMATIVO	NEGATIVO	AFIRMATIVO	AFIRMATIVO	AFIRMATIVO	AFIRMATIVO	AFIRMATIVO	AUSENTE	AFIRMATIVO	AFIRMATIVO	AUSENTE	AFIRMATIVO	NEGATIVO	AFIRMATIVO	NEGATIVO	AFIRMATIVO	AUSENTE	AFIRMATIVO	AFIRMATIVO	AFIRMATIVO	AFIRMATIVO	AFIRMATIVO	AFIRMATIVO	AFIRMATIVO	AFIRMATIVO	AFIRMATIVO	AFIRMATIVO	AFIRMATIVO	AFIRMATIVO	AFIRMATIVO	AFIRMATIVO	AFIRMATIVO
GUTIERREZ, RAMIRO	UNION POR LA PATRIA		BUENOS AIRES	NEGATIVO	NEGATIVO	NEGATIVO	NEGATIVO	AFIRMATIVO	NEGATIVO	AFIRMATIVO	AFIRMATIVO	AFIRMATIVO	AFIRMATIVO	NEGATIVO	NEGATIVO	AFIRMATIVO	AFIRMATIVO	AFIRMATIVO	AFIRMATIVO	AFIRMATIVO	AFIRMATIVO	AFIRMATIVO	AFIRMATIVO	AFIRMATIVO	AFIRMATIVO	AFIRMATIVO	AFIRMATIVO	AFIRMATIVO	AFIRMATIVO	AFIRMATIVO	AFIRMATIVO	AFIRMATIVO	AFIRMATIVO	AFIRMATIVO	AFIRMATIVO
HAGMAN, ITAI	UNION POR LA PATRIA		C.A.B.A.	NEGATIVO	NEGATIVO	NEGATIVO	NEGATIVO	AFIRMATIVO	NEGATIVO	AFIRMATIVO	AFIRMATIVO	AFIRMATIVO	AFIRMATIVO	NEGATIVO	NEGATIVO	AFIRMATIVO	AUSENTE	AFIRMATIVO	AFIRMATIVO	AFIRMATIVO	AFIRMATIVO	AFIRMATIVO	AFIRMATIVO	AFIRMATIVO	AFIRMATIVO	AFIRMATIVO	AFIRMATIVO	AFIRMATIVO	AFIRMATIVO	AFIRMATIVO	AFIRMATIVO	AFIRMATIVO	AFIRMATIVO	AFIRMATIVO	AFIRMATIVO
HELLER, CARLOS	UNION POR LA PATRIA		C.A.B.A.	NEGATIVO	NEGATIVO	NEGATIVO	NEGATIVO	AFIRMATIVO	NEGATIVO	AFIRMATIVO	AFIRMATIVO	AFIRMATIVO	AFIRMATIVO	NEGATIVO	NEGATIVO	AFIRMATIVO	AFIRMATIVO	AFIRMATIVO	AFIRMATIVO	AFIRMATIVO	AFIRMATIVO	AFIRMATIVO	AFIRMATIVO	AFIRMATIVO	AFIRMATIVO	AFIRMATIVO	AFIRMATIVO	AFIRMATIVO	AFIRMATIVO	AFIRMATIVO	AFIRMATIVO	AFIRMATIVO	AFIRMATIVO	AFIRMATIVO	AFIRMATIVO
HERRERA, BERNARDO JOSE	UNION POR LA PATRIA		SANTIAGO DEL ESTERO	NEGATIVO	NEGATIVO	NEGATIVO	NEGATIVO	AFIRMATIVO	NEGATIVO	AFIRMATIVO	AFIRMATIVO	AFIRMATIVO	AFIRMATIVO	NEGATIVO	NEGATIVO	AFIRMATIVO	AFIRMATIVO	AFIRMATIVO	AFIRMATIVO	AFIRMATIVO	AFIRMATIVO	AFIRMATIVO	AFIRMATIVO	AFIRMATIVO	AFIRMATIVO	AFIRMATIVO	AFIRMATIVO	AFIRMATIVO	AFIRMATIVO	AFIRMATIVO	AFIRMATIVO	AFIRMATIVO	AFIRMATIVO	AFIRMATIVO	AFIRMATIVO
HERRERA, RICARDO	UNION POR LA PATRIA		LA RIOJA	NEGATIVO	NEGATIVO	NEGATIVO	NEGATIVO	AFIRMATIVO	NEGATIVO	AFIRMATIVO	AFIRMATIVO	AFIRMATIVO	AFIRMATIVO	NEGATIVO	NEGATIVO	AFIRMATIVO	AFIRMATIVO	AFIRMATIVO	AFIRMATIVO	AFIRMATIVO	AFIRMATIVO	AFIRMATIVO	AFIRMATIVO	AFIRMATIVO	AFIRMATIVO	AFIRMATIVO	AFIRMATIVO	AFIRMATIVO	AFIRMATIVO	AFIRMATIVO	AFIRMATIVO	AFIRMATIVO	AFIRMATIVO	AFIRMATIVO	AFIRMATIVO
HUESEN, GERARDO	LA LIBERTAD AVANZA		TUCUMÁN	AFIRMATIVO	AFIRMATIVO	AFIRMATIVO	AFIRMATIVO	NEGATIVO	AFIRMATIVO	NEGATIVO	NEGATIVO	NEGATIVO	NEGATIVO	AFIRMATIVO	AFIRMATIVO	NEGATIVO	NEGATIVO	NEGATIVO	NEGATIVO	NEGATIVO	NEGATIVO	NEGATIVO	NEGATIVO	NEGATIVO	NEGATIVO	NEGATIVO	NEGATIVO	NEGATIVO	NEGATIVO	NEGATIVO	NEGATIVO	NEGATIVO	NEGATIVO	NEGATIVO	NEGATIVO
IANNI, ANA MARIA	UNION POR LA PATRIA		SANTA CRUZ	NEGATIVO	NEGATIVO	NEGATIVO	NEGATIVO	AFIRMATIVO	NEGATIVO	AFIRMATIVO	AFIRMATIVO	AFIRMATIVO	AFIRMATIVO	NEGATIVO	NEGATIVO	AFIRMATIVO	AFIRMATIVO	AFIRMATIVO	AFIRMATIVO	AFIRMATIVO	AFIRMATIVO	AFIRMATIVO	AFIRMATIVO	AFIRMATIVO	AFIRMATIVO	AFIRMATIVO	AFIRMATIVO	AFIRMATIVO	AFIRMATIVO	AFIRMATIVO	AFIRMATIVO	AFIRMATIVO	AFIRMATIVO	AFIRMATIVO	AFIRMATIVO
IBAÑEZ, MARIA CECILIA	LA LIBERTAD AVANZA	LA LIBERTAD AVANZA → MID   MOVIMIENTO DE INTEGRACION Y DESARROLLO → LA LIBERTAD AVANZA	CÓRDOBA	AFIRMATIVO	AFIRMATIVO	AFIRMATIVO	AFIRMATIVO	NEGATIVO	AFIRMATIVO	NEGATIVO	NEGATIVO	NEGATIVO	NEGATIVO	AFIRMATIVO	AFIRMATIVO	ABSTENCION	NEGATIVO	NEGATIVO	NEGATIVO	AFIRMATIVO	NEGATIVO	NEGATIVO	NEGATIVO	NEGATIVO	NEGATIVO	NEGATIVO	NEGATIVO	NEGATIVO	NEGATIVO	NEGATIVO	NEGATIVO	NEGATIVO	NEGATIVO	NEGATIVO	NEGATIVO
IGLESIAS, FERNANDO ADOLFO	PRO		C.A.B.A.	AFIRMATIVO	AFIRMATIVO	AFIRMATIVO	AFIRMATIVO	NEGATIVO	AFIRMATIVO	NEGATIVO	ABSTENCION	NEGATIVO	NEGATIVO	AFIRMATIVO	AFIRMATIVO	NEGATIVO	NEGATIVO	NEGATIVO	NEGATIVO	AUSENTE	NEGATIVO	NEGATIVO	NEGATIVO	NEGATIVO	NEGATIVO	NEGATIVO	NEGATIVO	NEGATIVO	NEGATIVO	NEGATIVO	NEGATIVO	NEGATIVO	NEGATIVO	NEGATIVO	NEGATIVO
IPARRAGUIRRE, ROGELIO	UNION POR LA PATRIA		BUENOS AIRES	NEGATIVO	NEGATIVO	NEGATIVO	NEGATIVO	AFIRMATIVO	NEGATIVO	AFIRMATIVO	AFIRMATIVO	AFIRMATIVO	AFIRMATIVO	NEGATIVO	NEGATIVO	AFIRMATIVO	AFIRMATIVO	AFIRMATIVO	AFIRMATIVO	AFIRMATIVO	AFIRMATIVO	AFIRMATIVO	AFIRMATIVO	AFIRMATIVO	AFIRMATIVO	AFIRMATIVO	AFIRMATIVO	AUSENTE	AFIRMATIVO	AFIRMATIVO	AFIRMATIVO	AFIRMATIVO	AFIRMATIVO	AFIRMATIVO	AFIRMATIVO
JULIANO, PABLO	DEMOCRACIA PARA SIEMPRE	UCR   UNION CIVICA RADICAL → DEMOCRACIA PARA SIEMPRE	BUENOS AIRES	NEGATIVO	NEGATIVO	ABSTENCION	ABSTENCION	AFIRMATIVO	AFIRMATIVO	AFIRMATIVO	AFIRMATIVO	AFIRMATIVO	AFIRMATIVO	AFIRMATIVO	NEGATIVO	AFIRMATIVO	AFIRMATIVO	ABSTENCION	AFIRMATIVO	AFIRMATIVO	AFIRMATIVO	AFIRMATIVO	AFIRMATIVO	AFIRMATIVO	AFIRMATIVO	AFIRMATIVO	AFIRMATIVO	AFIRMATIVO	AFIRMATIVO	AFIRMATIVO	AFIRMATIVO	AFIRMATIVO	AFIRMATIVO	AFIRMATIVO	AFIRMATIVO
KIRCHNER, MAXIMO CARLOS	UNION POR LA PATRIA		BUENOS AIRES	NEGATIVO	NEGATIVO	NEGATIVO	NEGATIVO	AFIRMATIVO	NEGATIVO	AFIRMATIVO	AFIRMATIVO	AFIRMATIVO	AFIRMATIVO	NEGATIVO	NEGATIVO	AFIRMATIVO	AFIRMATIVO	AFIRMATIVO	AFIRMATIVO	AFIRMATIVO	AFIRMATIVO	AFIRMATIVO	AFIRMATIVO	AFIRMATIVO	AFIRMATIVO	AFIRMATIVO	AFIRMATIVO	AFIRMATIVO	AFIRMATIVO	AFIRMATIVO	AFIRMATIVO	AFIRMATIVO	AFIRMATIVO	AFIRMATIVO	AFIRMATIVO
KLIPAUKA LEWTAK, FLORENCIA	LA LIBERTAD AVANZA	HACEMOS COALICION FEDERAL → LA LIBERTAD AVANZA	MISIONES	AFIRMATIVO	AFIRMATIVO	AFIRMATIVO	AFIRMATIVO	NEGATIVO	AFIRMATIVO	NEGATIVO	NEGATIVO	NEGATIVO	NEGATIVO	AFIRMATIVO	AFIRMATIVO	NEGATIVO	NEGATIVO	NEGATIVO	NEGATIVO	NEGATIVO	NEGATIVO	NEGATIVO	NEGATIVO	NEGATIVO	NEGATIVO	NEGATIVO	NEGATIVO	AUSENTE	AUSENTE	AUSENTE	AUSENTE	AUSENTE	AUSENTE	NEGATIVO	NEGATIVO
LASPINA, LUCIANO ANDRES	PRO		SANTA FE	AFIRMATIVO	AFIRMATIVO	AFIRMATIVO	AFIRMATIVO	NEGATIVO	AFIRMATIVO	NEGATIVO	AFIRMATIVO	NEGATIVO	NEGATIVO	AFIRMATIVO	AFIRMATIVO	NEGATIVO	ABSTENCION	NEGATIVO	NEGATIVO	AUSENTE	NEGATIVO	AUSENTE	AUSENTE	AUSENTE	AUSENTE	AUSENTE	AUSENTE	NEGATIVO	NEGATIVO	NEGATIVO	AUSENTE	AUSENTE	NEGATIVO	NEGATIVO	NEGATIVO
LEDESMA, TOMAS	UNION POR LA PATRIA		ENTRE RÍOS	NEGATIVO	NEGATIVO	NEGATIVO	NEGATIVO	AFIRMATIVO	NEGATIVO	AFIRMATIVO	AFIRMATIVO	AFIRMATIVO	AFIRMATIVO	NEGATIVO	NEGATIVO	AFIRMATIVO	AFIRMATIVO	AFIRMATIVO	AFIRMATIVO	AFIRMATIVO	AFIRMATIVO	AFIRMATIVO	AFIRMATIVO	AFIRMATIVO	AFIRMATIVO	AFIRMATIVO	AFIRMATIVO	AFIRMATIVO	AFIRMATIVO	AFIRMATIVO	AFIRMATIVO	AFIRMATIVO	AFIRMATIVO	AFIRMATIVO	AFIRMATIVO
LEIVA, ALDO	UNION POR LA PATRIA		CHACO	NEGATIVO	NEGATIVO	NEGATIVO	NEGATIVO	AFIRMATIVO	NEGATIVO	AFIRMATIVO	AFIRMATIVO	AFIRMATIVO	AFIRMATIVO	NEGATIVO	NEGATIVO	AFIRMATIVO	AUSENTE	AUSENTE	AUSENTE	AUSENTE	AFIRMATIVO	AFIRMATIVO	AFIRMATIVO	AFIRMATIVO	AFIRMATIVO	AFIRMATIVO	AFIRMATIVO	AFIRMATIVO	AFIRMATIVO	AFIRMATIVO	AFIRMATIVO	AFIRMATIVO	AFIRMATIVO	AFIRMATIVO	AFIRMATIVO
LEMOINE, LILIA	LA LIBERTAD AVANZA		BUENOS AIRES	AFIRMATIVO	AFIRMATIVO	AFIRMATIVO	AFIRMATIVO	NEGATIVO	AFIRMATIVO	NEGATIVO	NEGATIVO	NEGATIVO	NEGATIVO	AFIRMATIVO	AFIRMATIVO	NEGATIVO	NEGATIVO	NEGATIVO	NEGATIVO	NEGATIVO	NEGATIVO	NEGATIVO	NEGATIVO	NEGATIVO	NEGATIVO	NEGATIVO	NEGATIVO	NEGATIVO	NEGATIVO	NEGATIVO	NEGATIVO	NEGATIVO	NEGATIVO	NEGATIVO	NEGATIVO
LITZA, MONICA	UNION POR LA PATRIA		BUENOS AIRES	NEGATIVO	NEGATIVO	NEGATIVO	NEGATIVO	AFIRMATIVO	NEGATIVO	AFIRMATIVO	AFIRMATIVO	AFIRMATIVO	AFIRMATIVO	NEGATIVO	NEGATIVO	AFIRMATIVO	AFIRMATIVO	AFIRMATIVO	AFIRMATIVO	AFIRMATIVO	AFIRMATIVO	AFIRMATIVO	AFIRMATIVO	AFIRMATIVO	AFIRMATIVO	AFIRMATIVO	AFIRMATIVO	AFIRMATIVO	AFIRMATIVO	AFIRMATIVO	AFIRMATIVO	AFIRMATIVO	AFIRMATIVO	AFIRMATIVO	AFIRMATIVO
LLANCAFILO, OSVALDO	MOVIMIENTO POPULAR  NEUQUINO	INNOVACION FEDERAL → MOVIMIENTO POPULAR  NEUQUINO	NEUQUÉN	AFIRMATIVO	NEGATIVO	AFIRMATIVO	AFIRMATIVO	AFIRMATIVO	AFIRMATIVO	AFIRMATIVO	AUSENTE	AFIRMATIVO	AFIRMATIVO	AFIRMATIVO	AFIRMATIVO	NEGATIVO	AFIRMATIVO	ABSTENCION	AFIRMATIVO	AUSENTE	AFIRMATIVO	AFIRMATIVO	AUSENTE	AUSENTE	AUSENTE	AUSENTE	AUSENTE	AFIRMATIVO	AFIRMATIVO	AUSENTE	NEGATIVO	AFIRMATIVO	AFIRMATIVO	AUSENTE	AUSENTE
LLANO, MERCEDES	LA LIBERTAD AVANZA		MENDOZA	AFIRMATIVO	AFIRMATIVO	AFIRMATIVO	AFIRMATIVO	NEGATIVO	AFIRMATIVO	NEGATIVO	NEGATIVO	NEGATIVO	NEGATIVO	AFIRMATIVO	AFIRMATIVO	NEGATIVO	NEGATIVO	NEGATIVO	NEGATIVO	NEGATIVO	NEGATIVO	NEGATIVO	NEGATIVO	NEGATIVO	NEGATIVO	NEGATIVO	NEGATIVO	NEGATIVO	NEGATIVO	NEGATIVO	NEGATIVO	NEGATIVO	NEGATIVO	NEGATIVO	NEGATIVO
LOPEZ MURPHY, RICARDO HIPOLITO	HACEMOS COALICION FEDERAL	HACEMOS COALICION FEDERAL → ENCUENTRO FEDERAL → REPUBLICANOS UNIDOS	C.A.B.A.	AFIRMATIVO	AFIRMATIVO	AFIRMATIVO	AFIRMATIVO	NEGATIVO	AFIRMATIVO	AUSENTE	AFIRMATIVO	AUSENTE	AUSENTE	AFIRMATIVO	AUSENTE	AFIRMATIVO	AUSENTE	AUSENTE	AUSENTE	AUSENTE	ABSTENCION	ABSTENCION	AUSENTE	AUSENTE	AUSENTE	AUSENTE	AUSENTE	AFIRMATIVO	NEGATIVO	NEGATIVO	AFIRMATIVO	AFIRMATIVO	ABSTENCION	ABSTENCION	AUSENTE
LOPEZ RODRIGUEZ, DANTE	UNION POR LA PATRIA		CATAMARCA	NEGATIVO	NEGATIVO	NEGATIVO	NEGATIVO	AFIRMATIVO	NEGATIVO	AFIRMATIVO	AFIRMATIVO	AFIRMATIVO	AFIRMATIVO	NEGATIVO	AUSENTE	AFIRMATIVO	AFIRMATIVO	AFIRMATIVO	AFIRMATIVO	AFIRMATIVO	AFIRMATIVO	AFIRMATIVO	AFIRMATIVO	AFIRMATIVO	AFIRMATIVO	AFIRMATIVO	AFIRMATIVO	AUSENTE	AUSENTE	AUSENTE	AUSENTE	AFIRMATIVO	AFIRMATIVO	AFIRMATIVO	AFIRMATIVO
LOPEZ, JUAN MANUEL	COALICION CIVICA	HACEMOS COALICION FEDERAL → COALICION CIVICA	BUENOS AIRES	AFIRMATIVO	NEGATIVO	AFIRMATIVO	AFIRMATIVO	AFIRMATIVO	AFIRMATIVO	AUSENTE	AFIRMATIVO	AFIRMATIVO	AFIRMATIVO	AFIRMATIVO	AFIRMATIVO	AFIRMATIVO	AFIRMATIVO	NEGATIVO	AFIRMATIVO	AFIRMATIVO	AFIRMATIVO	AFIRMATIVO	AFIRMATIVO	ABSTENCION	AFIRMATIVO	ABSTENCION	AFIRMATIVO	AFIRMATIVO	AFIRMATIVO	ABSTENCION	AFIRMATIVO	AFIRMATIVO	AUSENTE	AFIRMATIVO	ABSTENCION
LOSPENNATO, SILVIA	PRO		BUENOS AIRES	AFIRMATIVO	AFIRMATIVO	AFIRMATIVO	AFIRMATIVO	AUSENTE	AFIRMATIVO	NEGATIVO	AFIRMATIVO	NEGATIVO	NEGATIVO	AFIRMATIVO	AFIRMATIVO	NEGATIVO	ABSTENCION	NEGATIVO	AUSENTE	AUSENTE	AUSENTE	AUSENTE	AUSENTE	AUSENTE	AUSENTE	AUSENTE	AUSENTE	AUSENTE	AUSENTE	NEGATIVO	AUSENTE	AFIRMATIVO	AFIRMATIVO	AUSENTE	NEGATIVO
MACHA, MONICA	UNION POR LA PATRIA		BUENOS AIRES	NEGATIVO	NEGATIVO	NEGATIVO	NEGATIVO	AFIRMATIVO	NEGATIVO	AFIRMATIVO	AFIRMATIVO	AFIRMATIVO	AFIRMATIVO	NEGATIVO	NEGATIVO	AFIRMATIVO	AFIRMATIVO	AFIRMATIVO	AFIRMATIVO	AFIRMATIVO	AFIRMATIVO	AFIRMATIVO	AFIRMATIVO	AFIRMATIVO	AFIRMATIVO	AFIRMATIVO	AFIRMATIVO	AFIRMATIVO	AFIRMATIVO	AFIRMATIVO	AFIRMATIVO	AFIRMATIVO	AFIRMATIVO	AFIRMATIVO	AFIRMATIVO
MACYSZYN, LORENA	LA LIBERTAD AVANZA	BUENOS AIRES LIBRE → LA LIBERTAD AVANZA	BUENOS AIRES	AFIRMATIVO	NEGATIVO	AFIRMATIVO	AFIRMATIVO	NEGATIVO	AFIRMATIVO	NEGATIVO	AFIRMATIVO	NEGATIVO	NEGATIVO	AFIRMATIVO	AFIRMATIVO	NEGATIVO	NEGATIVO	NEGATIVO	NEGATIVO	AUSENTE	NEGATIVO	NEGATIVO	NEGATIVO	NEGATIVO	NEGATIVO	NEGATIVO	NEGATIVO	NEGATIVO	NEGATIVO	NEGATIVO	NEGATIVO	NEGATIVO	NEGATIVO	NEGATIVO	NEGATIVO
MANES, FACUNDO	DEMOCRACIA PARA SIEMPRE	UCR   UNION CIVICA RADICAL → DEMOCRACIA PARA SIEMPRE	BUENOS AIRES	NEGATIVO	NEGATIVO	ABSTENCION	ABSTENCION	AFIRMATIVO	AFIRMATIVO	AFIRMATIVO	AFIRMATIVO	AFIRMATIVO	AFIRMATIVO	AFIRMATIVO	NEGATIVO	AFIRMATIVO	AFIRMATIVO	ABSTENCION	AFIRMATIVO	AFIRMATIVO	AFIRMATIVO	AFIRMATIVO	AFIRMATIVO	AFIRMATIVO	AFIRMATIVO	AFIRMATIVO	AFIRMATIVO	AFIRMATIVO	AFIRMATIVO	AUSENTE	AFIRMATIVO	AFIRMATIVO	AFIRMATIVO	AFIRMATIVO	AUSENTE
MANRIQUE, MARIO	UNION POR LA PATRIA		BUENOS AIRES	NEGATIVO	NEGATIVO	NEGATIVO	NEGATIVO	AFIRMATIVO	NEGATIVO	AFIRMATIVO	AFIRMATIVO	AFIRMATIVO	AFIRMATIVO	NEGATIVO	NEGATIVO	AFIRMATIVO	AFIRMATIVO	AFIRMATIVO	AFIRMATIVO	AFIRMATIVO	AFIRMATIVO	AFIRMATIVO	AFIRMATIVO	AFIRMATIVO	AFIRMATIVO	AFIRMATIVO	AFIRMATIVO	AFIRMATIVO	AFIRMATIVO	AFIRMATIVO	AFIRMATIVO	AFIRMATIVO	AFIRMATIVO	AFIRMATIVO	AFIRMATIVO
MAQUIEYRA, MARTIN	PRO		LA PAMPA	AFIRMATIVO	AFIRMATIVO	AFIRMATIVO	AFIRMATIVO	NEGATIVO	AFIRMATIVO	NEGATIVO	AUSENTE	NEGATIVO	NEGATIVO	AFIRMATIVO	AFIRMATIVO	NEGATIVO	NEGATIVO	NEGATIVO	NEGATIVO	AFIRMATIVO	NEGATIVO	NEGATIVO	NEGATIVO	NEGATIVO	NEGATIVO	NEGATIVO	NEGATIVO	NEGATIVO	NEGATIVO	NEGATIVO	NEGATIVO	NEGATIVO	NEGATIVO	NEGATIVO	NEGATIVO
MARIN, VARINIA LIS	UNION POR LA PATRIA		LA PAMPA	NEGATIVO	NEGATIVO	NEGATIVO	NEGATIVO	AFIRMATIVO	NEGATIVO	AFIRMATIVO	AFIRMATIVO	AFIRMATIVO	AFIRMATIVO	NEGATIVO	NEGATIVO	AFIRMATIVO	AFIRMATIVO	AFIRMATIVO	AFIRMATIVO	AFIRMATIVO	AFIRMATIVO	AFIRMATIVO	AFIRMATIVO	AFIRMATIVO	AFIRMATIVO	AFIRMATIVO	AFIRMATIVO	AFIRMATIVO	AFIRMATIVO	AFIRMATIVO	AFIRMATIVO	AFIRMATIVO	AFIRMATIVO	AFIRMATIVO	AFIRMATIVO
MARINO, JUAN	UNION POR LA PATRIA		BUENOS AIRES	NEGATIVO	NEGATIVO	NEGATIVO	NEGATIVO	AFIRMATIVO	NEGATIVO	AFIRMATIVO	AFIRMATIVO	AFIRMATIVO	AFIRMATIVO	NEGATIVO	NEGATIVO	AFIRMATIVO	AFIRMATIVO	AFIRMATIVO	AFIRMATIVO	AFIRMATIVO	AFIRMATIVO	AFIRMATIVO	AFIRMATIVO	AFIRMATIVO	AFIRMATIVO	AFIRMATIVO	AFIRMATIVO	AFIRMATIVO	AFIRMATIVO	AFIRMATIVO	AFIRMATIVO	AFIRMATIVO	AFIRMATIVO	AFIRMATIVO	AFIRMATIVO
MARQUEZ, NADIA	LA LIBERTAD AVANZA		NEUQUÉN	AFIRMATIVO	AFIRMATIVO	AFIRMATIVO	AFIRMATIVO	NEGATIVO	AFIRMATIVO	NEGATIVO	NEGATIVO	NEGATIVO	NEGATIVO	AFIRMATIVO	AFIRMATIVO	NEGATIVO	NEGATIVO	NEGATIVO	NEGATIVO	AUSENTE	NEGATIVO	NEGATIVO	NEGATIVO	NEGATIVO	NEGATIVO	NEGATIVO	NEGATIVO	NEGATIVO	NEGATIVO	NEGATIVO	NEGATIVO	NEGATIVO	NEGATIVO	NEGATIVO	NEGATIVO
MARTINEZ, ALVARO	LA LIBERTAD AVANZA	LA UNION MENDOCINA → LA LIBERTAD AVANZA	MENDOZA	AFIRMATIVO	AFIRMATIVO	AFIRMATIVO	AFIRMATIVO	NEGATIVO	AFIRMATIVO	NEGATIVO	NEGATIVO	NEGATIVO	NEGATIVO	AFIRMATIVO	AFIRMATIVO	NEGATIVO	NEGATIVO	NEGATIVO	NEGATIVO	NEGATIVO	NEGATIVO	NEGATIVO	NEGATIVO	NEGATIVO	NEGATIVO	NEGATIVO	NEGATIVO	NEGATIVO	NEGATIVO	NEGATIVO	NEGATIVO	NEGATIVO	NEGATIVO	NEGATIVO	NEGATIVO
MARTINEZ, GERMAN PEDRO	UNION POR LA PATRIA		SANTA FE	NEGATIVO	NEGATIVO	NEGATIVO	NEGATIVO	AFIRMATIVO	NEGATIVO	AFIRMATIVO	AFIRMATIVO	AFIRMATIVO	AFIRMATIVO	NEGATIVO	NEGATIVO	AFIRMATIVO	AFIRMATIVO	AFIRMATIVO	AFIRMATIVO	AFIRMATIVO	AFIRMATIVO	AFIRMATIVO	AFIRMATIVO	AFIRMATIVO	AFIRMATIVO	AFIRMATIVO	AFIRMATIVO	AFIRMATIVO	AFIRMATIVO	AFIRMATIVO	AFIRMATIVO	AFIRMATIVO	AFIRMATIVO	AFIRMATIVO	AFIRMATIVO
MARZIOTTA, GISELA	UNION POR LA PATRIA		C.A.B.A.	NEGATIVO	NEGATIVO	NEGATIVO	NEGATIVO	AFIRMATIVO	NEGATIVO	AFIRMATIVO	AFIRMATIVO	AFIRMATIVO	AFIRMATIVO	NEGATIVO	NEGATIVO	AUSENTE	AFIRMATIVO	AFIRMATIVO	AUSENTE	AUSENTE	AFIRMATIVO	AFIRMATIVO	AFIRMATIVO	AFIRMATIVO	AFIRMATIVO	AFIRMATIVO	AFIRMATIVO	AFIRMATIVO	AFIRMATIVO	AFIRMATIVO	AFIRMATIVO	AFIRMATIVO	AFIRMATIVO	AFIRMATIVO	AFIRMATIVO
MASSOT, NICOLAS	ENCUENTRO FEDERAL	HACEMOS COALICION FEDERAL → ENCUENTRO FEDERAL	BUENOS AIRES	AFIRMATIVO	AFIRMATIVO	AFIRMATIVO	AFIRMATIVO	AFIRMATIVO	AFIRMATIVO	AFIRMATIVO	AFIRMATIVO	AFIRMATIVO	AFIRMATIVO	ABSTENCION	ABSTENCION	AFIRMATIVO	AFIRMATIVO	NEGATIVO	AFIRMATIVO	AFIRMATIVO	AFIRMATIVO	AFIRMATIVO	AFIRMATIVO	AFIRMATIVO	AFIRMATIVO	NEGATIVO	AFIRMATIVO	AFIRMATIVO	AFIRMATIVO	AFIRMATIVO	AFIRMATIVO	AFIRMATIVO	AFIRMATIVO	AFIRMATIVO	AFIRMATIVO
MASTALER, MAGALI	UNION POR LA PATRIA		SANTA FE	NEGATIVO	NEGATIVO	NEGATIVO	NEGATIVO	AUSENTE	NEGATIVO	AFIRMATIVO	AFIRMATIVO	AFIRMATIVO	AFIRMATIVO	NEGATIVO	NEGATIVO	AFIRMATIVO	AFIRMATIVO	AFIRMATIVO	AFIRMATIVO	AFIRMATIVO	AFIRMATIVO	AFIRMATIVO	AFIRMATIVO	AFIRMATIVO	AFIRMATIVO	AFIRMATIVO	AFIRMATIVO	AFIRMATIVO	AFIRMATIVO	AFIRMATIVO	AFIRMATIVO	AFIRMATIVO	AFIRMATIVO	AFIRMATIVO	AFIRMATIVO
MAYORAZ, NICOLAS	LA LIBERTAD AVANZA		SANTA FE	AFIRMATIVO	AFIRMATIVO	AFIRMATIVO	AFIRMATIVO	NEGATIVO	AFIRMATIVO	NEGATIVO	NEGATIVO	NEGATIVO	NEGATIVO	AFIRMATIVO	AFIRMATIVO	NEGATIVO	NEGATIVO	NEGATIVO	NEGATIVO	NEGATIVO	NEGATIVO	NEGATIVO	NEGATIVO	NEGATIVO	NEGATIVO	NEGATIVO	NEGATIVO	NEGATIVO	NEGATIVO	NEGATIVO	NEGATIVO	NEGATIVO	NEGATIVO	NEGATIVO	NEGATIVO
MEDINA, GLADYS	INDEPENDENCIA		TUCUMÁN	AFIRMATIVO	AFIRMATIVO	AFIRMATIVO	AFIRMATIVO	AUSENTE	AFIRMATIVO	AUSENTE	NEGATIVO	NEGATIVO	NEGATIVO	AFIRMATIVO	AFIRMATIVO	AUSENTE	AFIRMATIVO	AFIRMATIVO	AFIRMATIVO	AUSENTE	AFIRMATIVO	AFIRMATIVO	AUSENTE	AUSENTE	AUSENTE	AUSENTE	AUSENTE	AFIRMATIVO	AFIRMATIVO	AFIRMATIVO	NEGATIVO	AFIRMATIVO	AFIRMATIVO	AUSENTE	AUSENTE
MENEM, MARTIN	LA LIBERTAD AVANZA		LA RIOJA	PRESIDENTE	PRESIDENTE	PRESIDENTE	PRESIDENTE	PRESIDENTE	PRESIDENTE	PRESIDENTE	PRESIDENTE	NEGATIVO	NEGATIVO	AFIRMATIVO	PRESIDENTE	PRESIDENTE	PRESIDENTE	PRESIDENTE	PRESIDENTE	PRESIDENTE	PRESIDENTE	PRESIDENTE	PRESIDENTE	PRESIDENTE	PRESIDENTE	PRESIDENTE	PRESIDENTE	NEGATIVO	NEGATIVO	NEGATIVO	PRESIDENTE	NEGATIVO	NEGATIVO	NEGATIVO	NEGATIVO
MILMAN, GERARDO	PRO		BUENOS AIRES	AFIRMATIVO	AFIRMATIVO	AFIRMATIVO	AFIRMATIVO	NEGATIVO	AFIRMATIVO	NEGATIVO	AUSENTE	NEGATIVO	NEGATIVO	AFIRMATIVO	AFIRMATIVO	AUSENTE	NEGATIVO	NEGATIVO	NEGATIVO	AFIRMATIVO	NEGATIVO	NEGATIVO	NEGATIVO	NEGATIVO	NEGATIVO	NEGATIVO	NEGATIVO	NEGATIVO	NEGATIVO	NEGATIVO	ABSTENCION	NEGATIVO	NEGATIVO	NEGATIVO	NEGATIVO
MIRABELLA, ROBERTO	DEFENDAMOS SANTA FE	UNION POR LA PATRIA → DEFENDAMOS SANTA FE	SANTA FE	NEGATIVO	NEGATIVO	AUSENTE	AUSENTE	AFIRMATIVO	NEGATIVO	AFIRMATIVO	AFIRMATIVO	AFIRMATIVO	AFIRMATIVO	NEGATIVO	AUSENTE	AFIRMATIVO	AFIRMATIVO	AFIRMATIVO	AFIRMATIVO	AFIRMATIVO	AFIRMATIVO	AFIRMATIVO	AFIRMATIVO	AFIRMATIVO	AFIRMATIVO	AFIRMATIVO	AFIRMATIVO	AFIRMATIVO	AFIRMATIVO	AFIRMATIVO	AFIRMATIVO	AFIRMATIVO	AFIRMATIVO	AFIRMATIVO	AFIRMATIVO
MOLLE, MATIAS	UNION POR LA PATRIA		BUENOS AIRES	NEGATIVO	NEGATIVO	NEGATIVO	NEGATIVO	AFIRMATIVO	NEGATIVO	AFIRMATIVO	AFIRMATIVO	AFIRMATIVO	AFIRMATIVO	NEGATIVO	NEGATIVO	AFIRMATIVO	AFIRMATIVO	AFIRMATIVO	AFIRMATIVO	AFIRMATIVO	AFIRMATIVO	AFIRMATIVO	AFIRMATIVO	AFIRMATIVO	AFIRMATIVO	AFIRMATIVO	AFIRMATIVO	AFIRMATIVO	AFIRMATIVO	AFIRMATIVO	AFIRMATIVO	AFIRMATIVO	AFIRMATIVO	AFIRMATIVO	AFIRMATIVO
MONTENEGRO, GUILLERMO	LA LIBERTAD AVANZA		BUENOS AIRES	AFIRMATIVO	AFIRMATIVO	AFIRMATIVO	AFIRMATIVO	NEGATIVO	AFIRMATIVO	NEGATIVO	NEGATIVO	NEGATIVO	NEGATIVO	AFIRMATIVO	AFIRMATIVO	NEGATIVO	NEGATIVO	NEGATIVO	NEGATIVO	NEGATIVO	NEGATIVO	NEGATIVO	NEGATIVO	NEGATIVO	NEGATIVO	NEGATIVO	NEGATIVO	NEGATIVO	NEGATIVO	NEGATIVO	NEGATIVO	NEGATIVO	NEGATIVO	NEGATIVO	NEGATIVO
MONTI, FRANCISCO	LIGA DEL INTERIOR ELI	UCR   UNION CIVICA RADICAL → LIGA DEL INTERIOR ELI	CATAMARCA	AFIRMATIVO	AFIRMATIVO	AFIRMATIVO	AFIRMATIVO	AFIRMATIVO	AFIRMATIVO	AFIRMATIVO	AFIRMATIVO	AFIRMATIVO	AFIRMATIVO	AFIRMATIVO	AFIRMATIVO	NEGATIVO	NEGATIVO	NEGATIVO	NEGATIVO	AUSENTE	NEGATIVO	NEGATIVO	NEGATIVO	NEGATIVO	NEGATIVO	NEGATIVO	NEGATIVO	NEGATIVO	NEGATIVO	NEGATIVO	NEGATIVO	NEGATIVO	NEGATIVO	NEGATIVO	NEGATIVO
MONTOTO, MARIA LUISA	UNION POR LA PATRIA		SANTIAGO DEL ESTERO	NEGATIVO	NEGATIVO	NEGATIVO	NEGATIVO	AFIRMATIVO	NEGATIVO	AFIRMATIVO	AFIRMATIVO	AFIRMATIVO	AFIRMATIVO	NEGATIVO	NEGATIVO	AFIRMATIVO	AFIRMATIVO	AFIRMATIVO	AFIRMATIVO	AFIRMATIVO	AFIRMATIVO	AFIRMATIVO	AFIRMATIVO	AFIRMATIVO	AFIRMATIVO	AFIRMATIVO	AFIRMATIVO	AFIRMATIVO	AFIRMATIVO	AFIRMATIVO	AFIRMATIVO	AFIRMATIVO	AFIRMATIVO	AFIRMATIVO	AFIRMATIVO
MONZO, EMILIO	ENCUENTRO FEDERAL	HACEMOS COALICION FEDERAL → ENCUENTRO FEDERAL	BUENOS AIRES	AFIRMATIVO	AFIRMATIVO	AFIRMATIVO	AFIRMATIVO	AFIRMATIVO	AFIRMATIVO	AFIRMATIVO	AUSENTE	AFIRMATIVO	AFIRMATIVO	AFIRMATIVO	ABSTENCION	AFIRMATIVO	AFIRMATIVO	ABSTENCION	AFIRMATIVO	AFIRMATIVO	AFIRMATIVO	AFIRMATIVO	AFIRMATIVO	AFIRMATIVO	AFIRMATIVO	NEGATIVO	AFIRMATIVO	AFIRMATIVO	AFIRMATIVO	AFIRMATIVO	AFIRMATIVO	AFIRMATIVO	AFIRMATIVO	AFIRMATIVO	AFIRMATIVO
MONZON, ROXANA	UNION POR LA PATRIA		BUENOS AIRES	NEGATIVO	NEGATIVO	NEGATIVO	NEGATIVO	AFIRMATIVO	NEGATIVO	AUSENTE	AFIRMATIVO	AFIRMATIVO	AFIRMATIVO	NEGATIVO	NEGATIVO	AFIRMATIVO	AFIRMATIVO	AFIRMATIVO	AFIRMATIVO	AFIRMATIVO	AFIRMATIVO	AFIRMATIVO	AFIRMATIVO	AFIRMATIVO	AFIRMATIVO	AFIRMATIVO	AFIRMATIVO	AFIRMATIVO	AFIRMATIVO	AFIRMATIVO	AFIRMATIVO	AFIRMATIVO	AFIRMATIVO	AFIRMATIVO	AFIRMATIVO
MORAN, MICAELA	UNION POR LA PATRIA		BUENOS AIRES	NEGATIVO	NEGATIVO	NEGATIVO	NEGATIVO	AFIRMATIVO	NEGATIVO	AFIRMATIVO	AFIRMATIVO	AFIRMATIVO	AFIRMATIVO	NEGATIVO	NEGATIVO	AFIRMATIVO	AFIRMATIVO	AFIRMATIVO	AFIRMATIVO	AFIRMATIVO	AFIRMATIVO	AFIRMATIVO	AFIRMATIVO	AFIRMATIVO	AFIRMATIVO	AFIRMATIVO	AFIRMATIVO	AFIRMATIVO	AFIRMATIVO	AFIRMATIVO	AFIRMATIVO	AFIRMATIVO	AFIRMATIVO	AFIRMATIVO	AFIRMATIVO
MORCHIO, FRANCISCO	ENCUENTRO FEDERAL	HACEMOS COALICION FEDERAL → ENCUENTRO FEDERAL	ENTRE RÍOS	AFIRMATIVO	AFIRMATIVO	AFIRMATIVO	AFIRMATIVO	AUSENTE	AFIRMATIVO	AFIRMATIVO	AFIRMATIVO	AUSENTE	AFIRMATIVO	AFIRMATIVO	AFIRMATIVO	NEGATIVO	NEGATIVO	NEGATIVO	ABSTENCION	AFIRMATIVO	ABSTENCION	AUSENTE	AUSENTE	AUSENTE	AUSENTE	AUSENTE	AUSENTE	NEGATIVO	NEGATIVO	NEGATIVO	NEGATIVO	AUSENTE	AUSENTE	AUSENTE	AUSENTE
MOREAU, CECILIA	UNION POR LA PATRIA		BUENOS AIRES	NEGATIVO	NEGATIVO	NEGATIVO	NEGATIVO	AFIRMATIVO	NEGATIVO	AFIRMATIVO	AFIRMATIVO	AFIRMATIVO	AFIRMATIVO	NEGATIVO	NEGATIVO	AFIRMATIVO	AFIRMATIVO	AFIRMATIVO	AFIRMATIVO	AFIRMATIVO	AFIRMATIVO	AFIRMATIVO	AFIRMATIVO	AFIRMATIVO	AFIRMATIVO	AFIRMATIVO	AFIRMATIVO	AFIRMATIVO	AFIRMATIVO	AFIRMATIVO	AFIRMATIVO	AFIRMATIVO	AFIRMATIVO	AFIRMATIVO	AFIRMATIVO
MOREAU, LEOPOLDO	UNION POR LA PATRIA		BUENOS AIRES	NEGATIVO	NEGATIVO	NEGATIVO	AUSENTE	AFIRMATIVO	NEGATIVO	AUSENTE	AFIRMATIVO	AFIRMATIVO	AFIRMATIVO	NEGATIVO	NEGATIVO	AFIRMATIVO	AFIRMATIVO	AFIRMATIVO	AFIRMATIVO	AFIRMATIVO	AFIRMATIVO	AFIRMATIVO	AFIRMATIVO	AFIRMATIVO	AFIRMATIVO	AFIRMATIVO	AFIRMATIVO	AFIRMATIVO	AFIRMATIVO	AFIRMATIVO	AFIRMATIVO	AFIRMATIVO	AFIRMATIVO	AFIRMATIVO	AFIRMATIVO
MORENO OVALLE, JULIO	LA LIBERTAD AVANZA		SALTA	AFIRMATIVO	AFIRMATIVO	AFIRMATIVO	AFIRMATIVO	NEGATIVO	AFIRMATIVO	NEGATIVO	NEGATIVO	NEGATIVO	NEGATIVO	AFIRMATIVO	AFIRMATIVO	NEGATIVO	NEGATIVO	NEGATIVO	NEGATIVO	NEGATIVO	NEGATIVO	NEGATIVO	NEGATIVO	NEGATIVO	NEGATIVO	NEGATIVO	NEGATIVO	NEGATIVO	NEGATIVO	NEGATIVO	NEGATIVO	NEGATIVO	NEGATIVO	NEGATIVO	NEGATIVO
MORENO, MARIA DE LOS ANGELES	PRODUCCION Y TRABAJO		SAN JUAN	AFIRMATIVO	AFIRMATIVO	AFIRMATIVO	AFIRMATIVO	ABSTENCION	AFIRMATIVO	AUSENTE	AUSENTE	NEGATIVO	AFIRMATIVO	AFIRMATIVO	AFIRMATIVO	NEGATIVO	AUSENTE	AUSENTE	AUSENTE	AUSENTE	AUSENTE	AUSENTE	NEGATIVO	NEGATIVO	NEGATIVO	NEGATIVO	NEGATIVO	AFIRMATIVO	AFIRMATIVO	NEGATIVO	NEGATIVO	AFIRMATIVO	AFIRMATIVO	NEGATIVO	NEGATIVO
MOYANO, NILDA	UNION POR LA PATRIA		SANTIAGO DEL ESTERO	NEGATIVO	NEGATIVO	NEGATIVO	NEGATIVO	AFIRMATIVO	NEGATIVO	AFIRMATIVO	AUSENTE	AFIRMATIVO	AFIRMATIVO	NEGATIVO	NEGATIVO	AFIRMATIVO	AFIRMATIVO	AFIRMATIVO	AFIRMATIVO	AFIRMATIVO	AFIRMATIVO	AFIRMATIVO	AFIRMATIVO	AFIRMATIVO	AFIRMATIVO	AFIRMATIVO	AFIRMATIVO	AFIRMATIVO	AFIRMATIVO	AFIRMATIVO	AFIRMATIVO	AFIRMATIVO	AFIRMATIVO	AFIRMATIVO	AFIRMATIVO
NEDER, ESTELA MARY	UNION POR LA PATRIA		SANTIAGO DEL ESTERO	NEGATIVO	NEGATIVO	NEGATIVO	NEGATIVO	AFIRMATIVO	NEGATIVO	AFIRMATIVO	AFIRMATIVO	AFIRMATIVO	AFIRMATIVO	NEGATIVO	NEGATIVO	AFIRMATIVO	AFIRMATIVO	AFIRMATIVO	AFIRMATIVO	AFIRMATIVO	AFIRMATIVO	AFIRMATIVO	AFIRMATIVO	AFIRMATIVO	AFIRMATIVO	AFIRMATIVO	AFIRMATIVO	AFIRMATIVO	AFIRMATIVO	AFIRMATIVO	AFIRMATIVO	AFIRMATIVO	AFIRMATIVO	AFIRMATIVO	AFIRMATIVO
NIERI, LISANDRO	UCR   UNION CIVICA RADICAL		MENDOZA	AFIRMATIVO	AFIRMATIVO	AFIRMATIVO	AFIRMATIVO	AFIRMATIVO	AFIRMATIVO	ABSTENCION	NEGATIVO	AFIRMATIVO	AFIRMATIVO	AFIRMATIVO	AFIRMATIVO	NEGATIVO	ABSTENCION	NEGATIVO	AFIRMATIVO	AFIRMATIVO	AUSENTE	AUSENTE	AUSENTE	AUSENTE	AUSENTE	AUSENTE	AUSENTE	NEGATIVO	NEGATIVO	NEGATIVO	NEGATIVO	AUSENTE	AFIRMATIVO	NEGATIVO	NEGATIVO
NOBLEGA, SEBASTIAN	UNION POR LA PATRIA		CATAMARCA	NEGATIVO	NEGATIVO	NEGATIVO	NEGATIVO	AFIRMATIVO	NEGATIVO	AUSENTE	AFIRMATIVO	AFIRMATIVO	AFIRMATIVO	NEGATIVO	AUSENTE	AFIRMATIVO	AFIRMATIVO	AFIRMATIVO	AFIRMATIVO	AFIRMATIVO	AFIRMATIVO	AFIRMATIVO	AFIRMATIVO	AFIRMATIVO	AFIRMATIVO	AFIRMATIVO	AFIRMATIVO	AFIRMATIVO	AFIRMATIVO	AFIRMATIVO	AFIRMATIVO	AFIRMATIVO	AFIRMATIVO	AFIRMATIVO	AFIRMATIVO
NUÑEZ, JOSE	PRO		SANTA FE	AFIRMATIVO	AFIRMATIVO	AFIRMATIVO	AFIRMATIVO	NEGATIVO	AFIRMATIVO	NEGATIVO	AUSENTE	NEGATIVO	NEGATIVO	AFIRMATIVO	AFIRMATIVO	NEGATIVO	AUSENTE	AUSENTE	AUSENTE	AUSENTE	NEGATIVO	NEGATIVO	NEGATIVO	NEGATIVO	NEGATIVO	NEGATIVO	NEGATIVO	NEGATIVO	NEGATIVO	NEGATIVO	NEGATIVO	AFIRMATIVO	AUSENTE	AUSENTE	AUSENTE
OLIVETO LAGO, PAULA	COALICION CIVICA	HACEMOS COALICION FEDERAL → COALICION CIVICA	C.A.B.A.	AFIRMATIVO	NEGATIVO	AFIRMATIVO	AFIRMATIVO	AFIRMATIVO	AFIRMATIVO	AUSENTE	AFIRMATIVO	AFIRMATIVO	AFIRMATIVO	AFIRMATIVO	AFIRMATIVO	AFIRMATIVO	AFIRMATIVO	NEGATIVO	AFIRMATIVO	AFIRMATIVO	AFIRMATIVO	AFIRMATIVO	AFIRMATIVO	ABSTENCION	AUSENTE	ABSTENCION	AFIRMATIVO	AFIRMATIVO	AFIRMATIVO	ABSTENCION	AFIRMATIVO	AFIRMATIVO	AFIRMATIVO	AFIRMATIVO	AFIRMATIVO
OMODEO, PAULA	CREO		TUCUMÁN	AFIRMATIVO	AFIRMATIVO	AFIRMATIVO	AFIRMATIVO	ABSTENCION	AFIRMATIVO	NEGATIVO	AUSENTE	NEGATIVO	NEGATIVO	AFIRMATIVO	AFIRMATIVO	NEGATIVO	NEGATIVO	NEGATIVO	NEGATIVO	NEGATIVO	NEGATIVO	AUSENTE	AUSENTE	AUSENTE	AUSENTE	AUSENTE	AUSENTE	NEGATIVO	NEGATIVO	NEGATIVO	NEGATIVO	AFIRMATIVO	NEGATIVO	NEGATIVO	NEGATIVO
OROZCO, EMILIA	LA LIBERTAD AVANZA		SALTA	AFIRMATIVO	AFIRMATIVO	AFIRMATIVO	AFIRMATIVO	NEGATIVO	AFIRMATIVO	NEGATIVO	NEGATIVO	NEGATIVO	NEGATIVO	AFIRMATIVO	AFIRMATIVO	NEGATIVO	NEGATIVO	NEGATIVO	NEGATIVO	NEGATIVO	NEGATIVO	NEGATIVO	NEGATIVO	NEGATIVO	NEGATIVO	NEGATIVO	NEGATIVO	NEGATIVO	NEGATIVO	NEGATIVO	NEGATIVO	NEGATIVO	NEGATIVO	NEGATIVO	NEGATIVO
OSUNA, BLANCA INES	UNION POR LA PATRIA		ENTRE RÍOS	NEGATIVO	NEGATIVO	NEGATIVO	NEGATIVO	AFIRMATIVO	NEGATIVO	AFIRMATIVO	AFIRMATIVO	AFIRMATIVO	AFIRMATIVO	NEGATIVO	AUSENTE	AFIRMATIVO	AFIRMATIVO	AFIRMATIVO	AFIRMATIVO	AFIRMATIVO	AFIRMATIVO	AFIRMATIVO	AFIRMATIVO	AFIRMATIVO	AFIRMATIVO	AFIRMATIVO	AFIRMATIVO	AFIRMATIVO	AFIRMATIVO	AFIRMATIVO	AFIRMATIVO	AFIRMATIVO	AFIRMATIVO	AFIRMATIVO	AFIRMATIVO
OUTES, PABLO	INNOVACION FEDERAL		SALTA	AFIRMATIVO	NEGATIVO	AFIRMATIVO	AFIRMATIVO	AFIRMATIVO	AFIRMATIVO	AFIRMATIVO	AUSENTE	ABSTENCION	AFIRMATIVO	AFIRMATIVO	AFIRMATIVO	AUSENTE	AUSENTE	AUSENTE	AUSENTE	AUSENTE	AFIRMATIVO	AFIRMATIVO	AUSENTE	AUSENTE	AUSENTE	AUSENTE	AUSENTE	AFIRMATIVO	AFIRMATIVO	AFIRMATIVO	NEGATIVO	AFIRMATIVO	AFIRMATIVO	AUSENTE	AUSENTE
PAGANO, MARCELA MARINA	COHERENCIA	LA LIBERTAD AVANZA → COHERENCIA	BUENOS AIRES	AFIRMATIVO	AFIRMATIVO	AFIRMATIVO	AFIRMATIVO	NEGATIVO	AFIRMATIVO	NEGATIVO	NEGATIVO	NEGATIVO	NEGATIVO	AFIRMATIVO	AFIRMATIVO	AUSENTE	AUSENTE	AUSENTE	AUSENTE	AUSENTE	AUSENTE	AUSENTE	AUSENTE	AUSENTE	AUSENTE	AUSENTE	AUSENTE	AFIRMATIVO	AFIRMATIVO	AFIRMATIVO	AFIRMATIVO	AFIRMATIVO	AFIRMATIVO	AFIRMATIVO	AFIRMATIVO
PALAZZO, SERGIO OMAR	UNION POR LA PATRIA		BUENOS AIRES	NEGATIVO	NEGATIVO	NEGATIVO	NEGATIVO	AFIRMATIVO	NEGATIVO	AFIRMATIVO	AFIRMATIVO	AFIRMATIVO	AFIRMATIVO	NEGATIVO	NEGATIVO	AFIRMATIVO	AFIRMATIVO	AFIRMATIVO	AFIRMATIVO	AFIRMATIVO	AFIRMATIVO	AFIRMATIVO	AFIRMATIVO	AFIRMATIVO	AFIRMATIVO	AFIRMATIVO	AFIRMATIVO	AFIRMATIVO	AFIRMATIVO	AFIRMATIVO	AFIRMATIVO	AFIRMATIVO	AFIRMATIVO	AFIRMATIVO	AFIRMATIVO
PAPONET, LILIANA	UNION POR LA PATRIA		MENDOZA	NEGATIVO	NEGATIVO	NEGATIVO	NEGATIVO	AFIRMATIVO	NEGATIVO	AFIRMATIVO	AUSENTE	AFIRMATIVO	AFIRMATIVO	NEGATIVO	NEGATIVO	AFIRMATIVO	AFIRMATIVO	AFIRMATIVO	AFIRMATIVO	AFIRMATIVO	AFIRMATIVO	AFIRMATIVO	AFIRMATIVO	AFIRMATIVO	AFIRMATIVO	AFIRMATIVO	AFIRMATIVO	AFIRMATIVO	AFIRMATIVO	AFIRMATIVO	AFIRMATIVO	AFIRMATIVO	AFIRMATIVO	AFIRMATIVO	AFIRMATIVO
PAROLA, MARIA GRACIELA	UNION POR LA PATRIA		FORMOSA	NEGATIVO	NEGATIVO	NEGATIVO	NEGATIVO	AFIRMATIVO	NEGATIVO	AFIRMATIVO	AFIRMATIVO	AFIRMATIVO	AFIRMATIVO	NEGATIVO	NEGATIVO	AFIRMATIVO	AFIRMATIVO	AFIRMATIVO	AFIRMATIVO	AFIRMATIVO	AFIRMATIVO	AFIRMATIVO	AFIRMATIVO	AFIRMATIVO	AFIRMATIVO	AFIRMATIVO	AFIRMATIVO	AFIRMATIVO	AFIRMATIVO	AFIRMATIVO	AFIRMATIVO	AFIRMATIVO	AFIRMATIVO	AFIRMATIVO	AFIRMATIVO
PASSO, MARCELA FABIANA	UNION POR LA PATRIA		BUENOS AIRES	NEGATIVO	NEGATIVO	NEGATIVO	NEGATIVO	AFIRMATIVO	NEGATIVO	AFIRMATIVO	AFIRMATIVO	AFIRMATIVO	AFIRMATIVO	NEGATIVO	NEGATIVO	AFIRMATIVO	AFIRMATIVO	AFIRMATIVO	AFIRMATIVO	AFIRMATIVO	AFIRMATIVO	AFIRMATIVO	AFIRMATIVO	AFIRMATIVO	AFIRMATIVO	AFIRMATIVO	AFIRMATIVO	AFIRMATIVO	AFIRMATIVO	AFIRMATIVO	AFIRMATIVO	AFIRMATIVO	AFIRMATIVO	AFIRMATIVO	AFIRMATIVO
PAULI, SANTIAGO	LA LIBERTAD AVANZA		TIERRA DEL FUEGO	AFIRMATIVO	AFIRMATIVO	AFIRMATIVO	AFIRMATIVO	NEGATIVO	AFIRMATIVO	NEGATIVO	AUSENTE	NEGATIVO	NEGATIVO	AFIRMATIVO	AFIRMATIVO	NEGATIVO	NEGATIVO	NEGATIVO	NEGATIVO	NEGATIVO	NEGATIVO	NEGATIVO	NEGATIVO	NEGATIVO	NEGATIVO	NEGATIVO	NEGATIVO	NEGATIVO	NEGATIVO	NEGATIVO	NEGATIVO	NEGATIVO	NEGATIVO	NEGATIVO	NEGATIVO
PAULON, ESTEBAN	ENCUENTRO FEDERAL	HACEMOS COALICION FEDERAL → ENCUENTRO FEDERAL	SANTA FE	NEGATIVO	NEGATIVO	NEGATIVO	NEGATIVO	AFIRMATIVO	NEGATIVO	AFIRMATIVO	AFIRMATIVO	AFIRMATIVO	AFIRMATIVO	AFIRMATIVO	NEGATIVO	AFIRMATIVO	AFIRMATIVO	AFIRMATIVO	AFIRMATIVO	AFIRMATIVO	AFIRMATIVO	AFIRMATIVO	AFIRMATIVO	AFIRMATIVO	AFIRMATIVO	AFIRMATIVO	AFIRMATIVO	AFIRMATIVO	AFIRMATIVO	AFIRMATIVO	AFIRMATIVO	AFIRMATIVO	AFIRMATIVO	AFIRMATIVO	AFIRMATIVO
PEDRALI, GABRIELA	UNION POR LA PATRIA		LA RIOJA	NEGATIVO	NEGATIVO	NEGATIVO	NEGATIVO	AFIRMATIVO	NEGATIVO	AFIRMATIVO	AUSENTE	AFIRMATIVO	AFIRMATIVO	AUSENTE	NEGATIVO	AFIRMATIVO	AFIRMATIVO	AFIRMATIVO	AFIRMATIVO	AFIRMATIVO	AFIRMATIVO	AFIRMATIVO	AFIRMATIVO	AFIRMATIVO	AFIRMATIVO	AFIRMATIVO	AFIRMATIVO	AFIRMATIVO	AFIRMATIVO	AFIRMATIVO	AFIRMATIVO	AFIRMATIVO	AFIRMATIVO	AFIRMATIVO	AFIRMATIVO
PEDRINI, JUAN MANUEL	UNION POR LA PATRIA		CHACO	NEGATIVO	NEGATIVO	NEGATIVO	NEGATIVO	AFIRMATIVO	NEGATIVO	AFIRMATIVO	AFIRMATIVO	AFIRMATIVO	AFIRMATIVO	NEGATIVO	AUSENTE	AFIRMATIVO	AFIRMATIVO	AFIRMATIVO	AFIRMATIVO	AFIRMATIVO	AFIRMATIVO	AFIRMATIVO	AFIRMATIVO	AFIRMATIVO	AFIRMATIVO	AFIRMATIVO	AFIRMATIVO	AFIRMATIVO	AFIRMATIVO	AFIRMATIVO	AFIRMATIVO	AFIRMATIVO	AFIRMATIVO	AFIRMATIVO	AFIRMATIVO
PELUC, JOSE	LA LIBERTAD AVANZA		SAN JUAN	AFIRMATIVO	AFIRMATIVO	AFIRMATIVO	AFIRMATIVO	NEGATIVO	AFIRMATIVO	NEGATIVO	NEGATIVO	NEGATIVO	NEGATIVO	AFIRMATIVO	AFIRMATIVO	NEGATIVO	NEGATIVO	NEGATIVO	NEGATIVO	NEGATIVO	NEGATIVO	NEGATIVO	NEGATIVO	NEGATIVO	NEGATIVO	NEGATIVO	NEGATIVO	NEGATIVO	NEGATIVO	NEGATIVO	NEGATIVO	NEGATIVO	NEGATIVO	NEGATIVO	NEGATIVO
PENACCA, PAULA ANDREA	UNION POR LA PATRIA		C.A.B.A.	NEGATIVO	NEGATIVO	NEGATIVO	NEGATIVO	AFIRMATIVO	NEGATIVO	AFIRMATIVO	AFIRMATIVO	AFIRMATIVO	AFIRMATIVO	NEGATIVO	NEGATIVO	AFIRMATIVO	AFIRMATIVO	AFIRMATIVO	AUSENTE	AFIRMATIVO	AFIRMATIVO	AFIRMATIVO	AFIRMATIVO	AFIRMATIVO	AFIRMATIVO	AFIRMATIVO	AFIRMATIVO	AFIRMATIVO	AFIRMATIVO	AFIRMATIVO	AFIRMATIVO	AFIRMATIVO	AFIRMATIVO	AFIRMATIVO	AFIRMATIVO
PEREYRA, JULIO	UNION POR LA PATRIA		BUENOS AIRES	NEGATIVO	NEGATIVO	NEGATIVO	NEGATIVO	AFIRMATIVO	NEGATIVO	AUSENTE	AFIRMATIVO	AFIRMATIVO	AFIRMATIVO	NEGATIVO	NEGATIVO	AFIRMATIVO	AFIRMATIVO	AFIRMATIVO	AFIRMATIVO	AFIRMATIVO	AFIRMATIVO	AFIRMATIVO	AFIRMATIVO	AFIRMATIVO	AFIRMATIVO	AFIRMATIVO	AFIRMATIVO	AFIRMATIVO	AFIRMATIVO	AFIRMATIVO	AFIRMATIVO	AFIRMATIVO	AFIRMATIVO	AFIRMATIVO	AFIRMATIVO
PICAT, LUIS ALBINO	LIGA DEL INTERIOR ELI	UCR   UNION CIVICA RADICAL → LIGA DEL INTERIOR ELI	CÓRDOBA	AFIRMATIVO	AFIRMATIVO	AFIRMATIVO	AFIRMATIVO	AFIRMATIVO	AFIRMATIVO	AUSENTE	NEGATIVO	NEGATIVO	NEGATIVO	AFIRMATIVO	AFIRMATIVO	NEGATIVO	NEGATIVO	NEGATIVO	NEGATIVO	AUSENTE	NEGATIVO	NEGATIVO	NEGATIVO	NEGATIVO	NEGATIVO	NEGATIVO	NEGATIVO	NEGATIVO	NEGATIVO	NEGATIVO	NEGATIVO	NEGATIVO	NEGATIVO	NEGATIVO	NEGATIVO
PICHETTO, MIGUEL ANGEL	ENCUENTRO FEDERAL	HACEMOS COALICION FEDERAL → ENCUENTRO FEDERAL	BUENOS AIRES	AFIRMATIVO	AFIRMATIVO	AFIRMATIVO	AFIRMATIVO	AFIRMATIVO	AFIRMATIVO	AUSENTE	AFIRMATIVO	AFIRMATIVO	AFIRMATIVO	ABSTENCION	AFIRMATIVO	AFIRMATIVO	AFIRMATIVO	NEGATIVO	AUSENTE	AUSENTE	AFIRMATIVO	AFIRMATIVO	AFIRMATIVO	AFIRMATIVO	AFIRMATIVO	AFIRMATIVO	AFIRMATIVO	AFIRMATIVO	AFIRMATIVO	AFIRMATIVO	AFIRMATIVO	AFIRMATIVO	AFIRMATIVO	AFIRMATIVO	AFIRMATIVO
PICON MARTINEZ, NANCY VIVIANA	PRODUCCION Y TRABAJO		SAN JUAN	AFIRMATIVO	AFIRMATIVO	AFIRMATIVO	AFIRMATIVO	ABSTENCION	AFIRMATIVO	AUSENTE	NEGATIVO	NEGATIVO	AFIRMATIVO	AFIRMATIVO	AFIRMATIVO	NEGATIVO	AFIRMATIVO	AFIRMATIVO	AFIRMATIVO	AUSENTE	AFIRMATIVO	AFIRMATIVO	AUSENTE	AUSENTE	AUSENTE	AUSENTE	AUSENTE	AFIRMATIVO	AFIRMATIVO	NEGATIVO	NEGATIVO	AFIRMATIVO	AFIRMATIVO	NEGATIVO	NEGATIVO
PIPARO, CAROLINA	LA LIBERTAD AVANZA	BUENOS AIRES LIBRE → LA LIBERTAD AVANZA	BUENOS AIRES	AFIRMATIVO	NEGATIVO	AFIRMATIVO	AFIRMATIVO	NEGATIVO	AFIRMATIVO	NEGATIVO	AFIRMATIVO	NEGATIVO	NEGATIVO	AFIRMATIVO	AFIRMATIVO	NEGATIVO	NEGATIVO	NEGATIVO	NEGATIVO	NEGATIVO	NEGATIVO	NEGATIVO	NEGATIVO	NEGATIVO	NEGATIVO	NEGATIVO	NEGATIVO	NEGATIVO	NEGATIVO	NEGATIVO	NEGATIVO	NEGATIVO	NEGATIVO	NEGATIVO	NEGATIVO
POKOIK, LORENA	UNION POR LA PATRIA		C.A.B.A.	NEGATIVO	NEGATIVO	NEGATIVO	NEGATIVO	AFIRMATIVO	NEGATIVO	AFIRMATIVO	AFIRMATIVO	AFIRMATIVO	AFIRMATIVO	NEGATIVO	NEGATIVO	AFIRMATIVO	AFIRMATIVO	AFIRMATIVO	AFIRMATIVO	AFIRMATIVO	AFIRMATIVO	AFIRMATIVO	AFIRMATIVO	AFIRMATIVO	AFIRMATIVO	AFIRMATIVO	AFIRMATIVO	AFIRMATIVO	AFIRMATIVO	AFIRMATIVO	AFIRMATIVO	AFIRMATIVO	AFIRMATIVO	AFIRMATIVO	AFIRMATIVO
POLINI, JUAN CARLOS	DEMOCRACIA PARA SIEMPRE	UCR   UNION CIVICA RADICAL → DEMOCRACIA PARA SIEMPRE	CHACO	AFIRMATIVO	AFIRMATIVO	AFIRMATIVO	AFIRMATIVO	AFIRMATIVO	AFIRMATIVO	AUSENTE	AFIRMATIVO	AFIRMATIVO	AFIRMATIVO	AFIRMATIVO	AFIRMATIVO	AUSENTE	AUSENTE	AUSENTE	AUSENTE	AUSENTE	AFIRMATIVO	AFIRMATIVO	AFIRMATIVO	AFIRMATIVO	AFIRMATIVO	ABSTENCION	AFIRMATIVO	AFIRMATIVO	AFIRMATIVO	AFIRMATIVO	AFIRMATIVO	AFIRMATIVO	AFIRMATIVO	AFIRMATIVO	AFIRMATIVO
PONCE, MARIA CELESTE	LA LIBERTAD AVANZA		CÓRDOBA	AFIRMATIVO	AFIRMATIVO	AFIRMATIVO	AFIRMATIVO	NEGATIVO	AFIRMATIVO	NEGATIVO	NEGATIVO	NEGATIVO	NEGATIVO	AFIRMATIVO	AFIRMATIVO	NEGATIVO	NEGATIVO	NEGATIVO	NEGATIVO	NEGATIVO	NEGATIVO	NEGATIVO	NEGATIVO	NEGATIVO	NEGATIVO	NEGATIVO	NEGATIVO	NEGATIVO	NEGATIVO	NEGATIVO	NEGATIVO	NEGATIVO	NEGATIVO	AUSENTE	AUSENTE
POTENZA, LUCIANA	UNION POR LA PATRIA		BUENOS AIRES	NEGATIVO	NEGATIVO	NEGATIVO	NEGATIVO	AFIRMATIVO	NEGATIVO	AFIRMATIVO	AFIRMATIVO	AFIRMATIVO	AFIRMATIVO	NEGATIVO	NEGATIVO	AFIRMATIVO	AFIRMATIVO	AFIRMATIVO	AFIRMATIVO	AFIRMATIVO	AFIRMATIVO	AFIRMATIVO	AFIRMATIVO	AFIRMATIVO	AFIRMATIVO	AFIRMATIVO	AFIRMATIVO	AFIRMATIVO	AFIRMATIVO	AFIRMATIVO	AFIRMATIVO	AFIRMATIVO	AFIRMATIVO	AFIRMATIVO	AFIRMATIVO
PROPATO, AGUSTINA LUCRECIA	UNION POR LA PATRIA		BUENOS AIRES	NEGATIVO	NEGATIVO	NEGATIVO	NEGATIVO	AFIRMATIVO	NEGATIVO	AUSENTE	AFIRMATIVO	AFIRMATIVO	AFIRMATIVO	NEGATIVO	NEGATIVO	AFIRMATIVO	AFIRMATIVO	AFIRMATIVO	AFIRMATIVO	AFIRMATIVO	AFIRMATIVO	AFIRMATIVO	AFIRMATIVO	AFIRMATIVO	AFIRMATIVO	AFIRMATIVO	AFIRMATIVO	AFIRMATIVO	AFIRMATIVO	AFIRMATIVO	AFIRMATIVO	AFIRMATIVO	AFIRMATIVO	AFIRMATIVO	AFIRMATIVO
QUETGLAS, FABIO JOSE	UCR   UNION CIVICA RADICAL		BUENOS AIRES	AFIRMATIVO	AFIRMATIVO	AFIRMATIVO	AFIRMATIVO	AFIRMATIVO	AFIRMATIVO	AFIRMATIVO	AFIRMATIVO	AFIRMATIVO	AFIRMATIVO	AFIRMATIVO	AFIRMATIVO	AUSENTE	AFIRMATIVO	NEGATIVO	AFIRMATIVO	AUSENTE	AFIRMATIVO	AFIRMATIVO	AFIRMATIVO	AFIRMATIVO	AFIRMATIVO	ABSTENCION	ABSTENCION	AFIRMATIVO	AFIRMATIVO	AUSENTE	AFIRMATIVO	AFIRMATIVO	AFIRMATIVO	AFIRMATIVO	ABSTENCION
QUINTAR, MANUEL	LA LIBERTAD AVANZA		JUJUY	AFIRMATIVO	AFIRMATIVO	AFIRMATIVO	AFIRMATIVO	NEGATIVO	AFIRMATIVO	NEGATIVO	NEGATIVO	NEGATIVO	NEGATIVO	AFIRMATIVO	AFIRMATIVO	NEGATIVO	NEGATIVO	NEGATIVO	NEGATIVO	NEGATIVO	NEGATIVO	NEGATIVO	NEGATIVO	NEGATIVO	NEGATIVO	NEGATIVO	NEGATIVO	NEGATIVO	NEGATIVO	NEGATIVO	NEGATIVO	NEGATIVO	NEGATIVO	NEGATIVO	NEGATIVO
QUIROZ, MARILU	PRO		CHACO	AFIRMATIVO	AFIRMATIVO	AFIRMATIVO	AFIRMATIVO	NEGATIVO	AFIRMATIVO	NEGATIVO	AUSENTE	NEGATIVO	NEGATIVO	AFIRMATIVO	AFIRMATIVO	AUSENTE	NEGATIVO	NEGATIVO	NEGATIVO	AUSENTE	NEGATIVO	ABSTENCION	NEGATIVO	NEGATIVO	NEGATIVO	NEGATIVO	NEGATIVO	NEGATIVO	NEGATIVO	NEGATIVO	NEGATIVO	NEGATIVO	NEGATIVO	NEGATIVO	NEGATIVO
RANDAZZO, FLORENCIO	ENCUENTRO FEDERAL	HACEMOS COALICION FEDERAL → ENCUENTRO FEDERAL	BUENOS AIRES	AFIRMATIVO	AFIRMATIVO	AFIRMATIVO	AFIRMATIVO	AFIRMATIVO	AFIRMATIVO	AFIRMATIVO	AFIRMATIVO	AFIRMATIVO	AFIRMATIVO	AFIRMATIVO	ABSTENCION	AFIRMATIVO	AFIRMATIVO	ABSTENCION	AFIRMATIVO	AUSENTE	AFIRMATIVO	AFIRMATIVO	AUSENTE	AUSENTE	AUSENTE	AUSENTE	AUSENTE	AFIRMATIVO	AFIRMATIVO	AUSENTE	AUSENTE	AFIRMATIVO	AFIRMATIVO	AFIRMATIVO	AFIRMATIVO
RAUSCHENBERGER, ARIEL	UNION POR LA PATRIA		LA PAMPA	NEGATIVO	NEGATIVO	NEGATIVO	NEGATIVO	AFIRMATIVO	NEGATIVO	AFIRMATIVO	AFIRMATIVO	AFIRMATIVO	AFIRMATIVO	NEGATIVO	NEGATIVO	AUSENTE	AFIRMATIVO	AFIRMATIVO	AFIRMATIVO	AFIRMATIVO	AFIRMATIVO	AFIRMATIVO	AFIRMATIVO	AFIRMATIVO	AFIRMATIVO	AFIRMATIVO	AFIRMATIVO	AFIRMATIVO	AFIRMATIVO	AFIRMATIVO	AFIRMATIVO	AFIRMATIVO	AFIRMATIVO	AFIRMATIVO	AFIRMATIVO
RAZZINI, VERONICA	FUTURO Y LIBERTAD	PRO → FUTURO Y LIBERTAD	SANTA FE	AFIRMATIVO	AFIRMATIVO	AFIRMATIVO	AFIRMATIVO	NEGATIVO	AFIRMATIVO	NEGATIVO	AFIRMATIVO	NEGATIVO	NEGATIVO	AFIRMATIVO	AFIRMATIVO	AUSENTE	AUSENTE	AUSENTE	AUSENTE	AUSENTE	NEGATIVO	AUSENTE	AUSENTE	AUSENTE	AUSENTE	AUSENTE	AUSENTE	AFIRMATIVO	NEGATIVO	NEGATIVO	NEGATIVO	AFIRMATIVO	AUSENTE	NEGATIVO	NEGATIVO
REYES, ROXANA	UCR   UNION CIVICA RADICAL		SANTA CRUZ	AFIRMATIVO	NEGATIVO	AFIRMATIVO	AFIRMATIVO	AFIRMATIVO	AFIRMATIVO	AFIRMATIVO	NEGATIVO	AUSENTE	AFIRMATIVO	AFIRMATIVO	AFIRMATIVO	NEGATIVO	ABSTENCION	NEGATIVO	AFIRMATIVO	AFIRMATIVO	AFIRMATIVO	AFIRMATIVO	AFIRMATIVO	AUSENTE	AUSENTE	AUSENTE	AUSENTE	AFIRMATIVO	AFIRMATIVO	NEGATIVO	NEGATIVO	AFIRMATIVO	AFIRMATIVO	ABSTENCION	ABSTENCION
RITONDO, CRISTIAN A.	PRO		BUENOS AIRES	AFIRMATIVO	AFIRMATIVO	AFIRMATIVO	AFIRMATIVO	NEGATIVO	AFIRMATIVO	NEGATIVO	AUSENTE	NEGATIVO	NEGATIVO	AFIRMATIVO	AFIRMATIVO	NEGATIVO	NEGATIVO	NEGATIVO	NEGATIVO	AFIRMATIVO	NEGATIVO	NEGATIVO	NEGATIVO	NEGATIVO	NEGATIVO	NEGATIVO	NEGATIVO	NEGATIVO	NEGATIVO	NEGATIVO	NEGATIVO	NEGATIVO	NEGATIVO	NEGATIVO	NEGATIVO
RIZZOTTI, JORGE	DEMOCRACIA PARA SIEMPRE	UCR   UNION CIVICA RADICAL → DEMOCRACIA PARA SIEMPRE	JUJUY	AFIRMATIVO	AFIRMATIVO	AFIRMATIVO	AFIRMATIVO	AFIRMATIVO	AFIRMATIVO	AFIRMATIVO	AFIRMATIVO	AFIRMATIVO	AFIRMATIVO	AFIRMATIVO	AFIRMATIVO	AFIRMATIVO	AFIRMATIVO	ABSTENCION	AFIRMATIVO	AUSENTE	AFIRMATIVO	AFIRMATIVO	AFIRMATIVO	AFIRMATIVO	AFIRMATIVO	ABSTENCION	AFIRMATIVO	AFIRMATIVO	AFIRMATIVO	AFIRMATIVO	AFIRMATIVO	AFIRMATIVO	AFIRMATIVO	AUSENTE	AUSENTE
RODRIGUEZ MACHADO, LAURA	PRO		CÓRDOBA	AFIRMATIVO	AFIRMATIVO	AFIRMATIVO	AFIRMATIVO	NEGATIVO	AFIRMATIVO	NEGATIVO	NEGATIVO	NEGATIVO	NEGATIVO	AFIRMATIVO	AFIRMATIVO	NEGATIVO	NEGATIVO	NEGATIVO	NEGATIVO	AUSENTE	NEGATIVO	NEGATIVO	NEGATIVO	NEGATIVO	NEGATIVO	NEGATIVO	NEGATIVO	NEGATIVO	NEGATIVO	NEGATIVO	NEGATIVO	NEGATIVO	NEGATIVO	NEGATIVO	NEGATIVO
ROMERO, ANA CLARA	PRO		CHUBUT	AFIRMATIVO	AFIRMATIVO	AFIRMATIVO	AFIRMATIVO	AUSENTE	AFIRMATIVO	NEGATIVO	AFIRMATIVO	AUSENTE	NEGATIVO	AFIRMATIVO	AFIRMATIVO	NEGATIVO	ABSTENCION	NEGATIVO	NEGATIVO	AUSENTE	ABSTENCION	ABSTENCION	AFIRMATIVO	NEGATIVO	NEGATIVO	AUSENTE	AFIRMATIVO	AFIRMATIVO	AFIRMATIVO	ABSTENCION	NEGATIVO	AFIRMATIVO	AFIRMATIVO	ABSTENCION	NEGATIVO
ROMERO, JORGE ANTONIO	UNION POR LA PATRIA		CORRIENTES	NEGATIVO	NEGATIVO	NEGATIVO	NEGATIVO	AFIRMATIVO	NEGATIVO	AFIRMATIVO	AFIRMATIVO	AFIRMATIVO	AFIRMATIVO	NEGATIVO	NEGATIVO	AFIRMATIVO	AFIRMATIVO	AFIRMATIVO	AFIRMATIVO	AFIRMATIVO	AFIRMATIVO	AFIRMATIVO	AFIRMATIVO	AFIRMATIVO	AFIRMATIVO	AFIRMATIVO	AFIRMATIVO	AFIRMATIVO	AFIRMATIVO	AFIRMATIVO	AFIRMATIVO	AFIRMATIVO	AFIRMATIVO	AFIRMATIVO	AFIRMATIVO
RUIZ, YAMILA	INNOVACION FEDERAL		MISIONES	AFIRMATIVO	NEGATIVO	AFIRMATIVO	AFIRMATIVO	AFIRMATIVO	AFIRMATIVO	AFIRMATIVO	ABSTENCION	ABSTENCION	ABSTENCION	AFIRMATIVO	AFIRMATIVO	AUSENTE	AUSENTE	AUSENTE	AUSENTE	AUSENTE	AUSENTE	AUSENTE	AUSENTE	AUSENTE	AUSENTE	AUSENTE	AUSENTE	AFIRMATIVO	ABSTENCION	AFIRMATIVO	ABSTENCION	AFIRMATIVO	AFIRMATIVO	ABSTENCION	ABSTENCION
SANCHEZ, ROBERTO ANTONIO	UCR   UNION CIVICA RADICAL		TUCUMÁN	AFIRMATIVO	AFIRMATIVO	AFIRMATIVO	AFIRMATIVO	AFIRMATIVO	AFIRMATIVO	AFIRMATIVO	AFIRMATIVO	AFIRMATIVO	AFIRMATIVO	AFIRMATIVO	AFIRMATIVO	NEGATIVO	AFIRMATIVO	NEGATIVO	AFIRMATIVO	AFIRMATIVO	AFIRMATIVO	AFIRMATIVO	AFIRMATIVO	AFIRMATIVO	AFIRMATIVO	AFIRMATIVO	AFIRMATIVO	AFIRMATIVO	AFIRMATIVO	AFIRMATIVO	AFIRMATIVO	AFIRMATIVO	AFIRMATIVO	AFIRMATIVO	AFIRMATIVO
SAND, NANCY	UNION POR LA PATRIA		CORRIENTES	NEGATIVO	NEGATIVO	NEGATIVO	NEGATIVO	AFIRMATIVO	NEGATIVO	AFIRMATIVO	AFIRMATIVO	AFIRMATIVO	AFIRMATIVO	NEGATIVO	NEGATIVO	AFIRMATIVO	AFIRMATIVO	AFIRMATIVO	AFIRMATIVO	AFIRMATIVO	AFIRMATIVO	AFIRMATIVO	AFIRMATIVO	AFIRMATIVO	AFIRMATIVO	AFIRMATIVO	AFIRMATIVO	AFIRMATIVO	AFIRMATIVO	AFIRMATIVO	AFIRMATIVO	AFIRMATIVO	AFIRMATIVO	AFIRMATIVO	AFIRMATIVO
SANTILLAN JUAREZ BRAHIM, JULIANA	LA LIBERTAD AVANZA		BUENOS AIRES	AFIRMATIVO	AFIRMATIVO	AFIRMATIVO	AFIRMATIVO	NEGATIVO	AFIRMATIVO	NEGATIVO	NEGATIVO	NEGATIVO	NEGATIVO	AFIRMATIVO	AFIRMATIVO	NEGATIVO	NEGATIVO	NEGATIVO	NEGATIVO	NEGATIVO	NEGATIVO	NEGATIVO	NEGATIVO	NEGATIVO	NEGATIVO	NEGATIVO	NEGATIVO	NEGATIVO	NEGATIVO	NEGATIVO	NEGATIVO	NEGATIVO	NEGATIVO	NEGATIVO	NEGATIVO
SANTILLI, DIEGO	PRO		BUENOS AIRES	AFIRMATIVO	AFIRMATIVO	AFIRMATIVO	AFIRMATIVO	NEGATIVO	AFIRMATIVO	NEGATIVO	AFIRMATIVO	NEGATIVO	NEGATIVO	AFIRMATIVO	AFIRMATIVO	NEGATIVO	NEGATIVO	NEGATIVO	NEGATIVO	AFIRMATIVO	NEGATIVO	NEGATIVO	NEGATIVO	NEGATIVO	NEGATIVO	NEGATIVO	NEGATIVO	NEGATIVO	NEGATIVO	NEGATIVO	NEGATIVO	NEGATIVO	NEGATIVO	NEGATIVO	NEGATIVO
SANTORO, LEANDRO	UNION POR LA PATRIA		C.A.B.A.	NEGATIVO	NEGATIVO	NEGATIVO	NEGATIVO	AFIRMATIVO	NEGATIVO	AFIRMATIVO	AFIRMATIVO	AFIRMATIVO	AFIRMATIVO	NEGATIVO	NEGATIVO	AFIRMATIVO	AFIRMATIVO	AFIRMATIVO	AFIRMATIVO	AFIRMATIVO	AFIRMATIVO	AFIRMATIVO	AFIRMATIVO	AFIRMATIVO	AFIRMATIVO	AFIRMATIVO	AFIRMATIVO	AFIRMATIVO	AFIRMATIVO	AFIRMATIVO	AFIRMATIVO	AFIRMATIVO	AFIRMATIVO	AFIRMATIVO	AFIRMATIVO
SANTURIO, SANTIAGO	LA LIBERTAD AVANZA		BUENOS AIRES	AFIRMATIVO	AFIRMATIVO	AFIRMATIVO	AFIRMATIVO	NEGATIVO	AFIRMATIVO	NEGATIVO	NEGATIVO	NEGATIVO	NEGATIVO	AFIRMATIVO	AFIRMATIVO	NEGATIVO	NEGATIVO	NEGATIVO	NEGATIVO	NEGATIVO	NEGATIVO	NEGATIVO	NEGATIVO	NEGATIVO	NEGATIVO	NEGATIVO	NEGATIVO	NEGATIVO	NEGATIVO	NEGATIVO	NEGATIVO	NEGATIVO	NEGATIVO	NEGATIVO	NEGATIVO
SARAPURA, NATALIA SILVINA	UCR   UNION CIVICA RADICAL		JUJUY	AFIRMATIVO	AFIRMATIVO	AFIRMATIVO	AFIRMATIVO	AFIRMATIVO	AFIRMATIVO	AFIRMATIVO	AFIRMATIVO	AFIRMATIVO	AFIRMATIVO	AFIRMATIVO	AFIRMATIVO	NEGATIVO	AFIRMATIVO	NEGATIVO	AFIRMATIVO	AFIRMATIVO	AFIRMATIVO	AFIRMATIVO	AFIRMATIVO	AFIRMATIVO	AFIRMATIVO	NEGATIVO	AFIRMATIVO	AFIRMATIVO	AFIRMATIVO	AFIRMATIVO	AUSENTE	AFIRMATIVO	AFIRMATIVO	ABSTENCION	ABSTENCION
SELVA, SABRINA	UNION POR LA PATRIA		BUENOS AIRES	NEGATIVO	NEGATIVO	NEGATIVO	NEGATIVO	AFIRMATIVO	NEGATIVO	AFIRMATIVO	AFIRMATIVO	AFIRMATIVO	AFIRMATIVO	NEGATIVO	NEGATIVO	AFIRMATIVO	AFIRMATIVO	AFIRMATIVO	AFIRMATIVO	AFIRMATIVO	AFIRMATIVO	AFIRMATIVO	AFIRMATIVO	AFIRMATIVO	AFIRMATIVO	AFIRMATIVO	AFIRMATIVO	AFIRMATIVO	AFIRMATIVO	AFIRMATIVO	AFIRMATIVO	AFIRMATIVO	AFIRMATIVO	AFIRMATIVO	AFIRMATIVO
SILEY, VANESA RAQUEL	UNION POR LA PATRIA		BUENOS AIRES	NEGATIVO	NEGATIVO	NEGATIVO	NEGATIVO	AFIRMATIVO	NEGATIVO	AFIRMATIVO	AFIRMATIVO	AFIRMATIVO	AFIRMATIVO	NEGATIVO	NEGATIVO	AFIRMATIVO	AFIRMATIVO	AFIRMATIVO	AFIRMATIVO	AFIRMATIVO	AFIRMATIVO	AFIRMATIVO	AFIRMATIVO	AFIRMATIVO	AFIRMATIVO	AFIRMATIVO	AFIRMATIVO	AFIRMATIVO	AFIRMATIVO	AFIRMATIVO	AFIRMATIVO	AFIRMATIVO	AFIRMATIVO	AFIRMATIVO	AFIRMATIVO
SNOPEK, GUILLERMO	UNION POR LA PATRIA		JUJUY	AUSENTE	AUSENTE	NEGATIVO	NEGATIVO	AFIRMATIVO	NEGATIVO	AFIRMATIVO	AFIRMATIVO	AFIRMATIVO	AFIRMATIVO	NEGATIVO	NEGATIVO	AFIRMATIVO	AFIRMATIVO	AFIRMATIVO	AFIRMATIVO	AFIRMATIVO	AFIRMATIVO	AFIRMATIVO	AFIRMATIVO	AFIRMATIVO	AFIRMATIVO	AFIRMATIVO	AFIRMATIVO	AFIRMATIVO	AFIRMATIVO	AFIRMATIVO	AFIRMATIVO	AFIRMATIVO	AFIRMATIVO	AFIRMATIVO	AFIRMATIVO
SORIA, MARTIN	UNION POR LA PATRIA		RIO NEGRO	NEGATIVO	NEGATIVO	NEGATIVO	NEGATIVO	AFIRMATIVO	NEGATIVO	AFIRMATIVO	AFIRMATIVO	AFIRMATIVO	AFIRMATIVO	NEGATIVO	NEGATIVO	AFIRMATIVO	AFIRMATIVO	AFIRMATIVO	AFIRMATIVO	AFIRMATIVO	AFIRMATIVO	AFIRMATIVO	AFIRMATIVO	AFIRMATIVO	AFIRMATIVO	AFIRMATIVO	AFIRMATIVO	AFIRMATIVO	AFIRMATIVO	AFIRMATIVO	AFIRMATIVO	AFIRMATIVO	AFIRMATIVO	AFIRMATIVO	AFIRMATIVO
SOTOLANO, MARIA	PRO		BUENOS AIRES	AFIRMATIVO	AFIRMATIVO	AFIRMATIVO	AFIRMATIVO	NEGATIVO	AFIRMATIVO	NEGATIVO	AFIRMATIVO	NEGATIVO	NEGATIVO	AFIRMATIVO	AFIRMATIVO	NEGATIVO	ABSTENCION	NEGATIVO	NEGATIVO	AFIRMATIVO	NEGATIVO	AUSENTE	NEGATIVO	NEGATIVO	NEGATIVO	NEGATIVO	NEGATIVO	NEGATIVO	NEGATIVO	NEGATIVO	NEGATIVO	NEGATIVO	NEGATIVO	NEGATIVO	NEGATIVO
STOLBIZER, MARGARITA	ENCUENTRO FEDERAL	HACEMOS COALICION FEDERAL → ENCUENTRO FEDERAL	BUENOS AIRES	NEGATIVO	NEGATIVO	AFIRMATIVO	AFIRMATIVO	AFIRMATIVO	AFIRMATIVO	AUSENTE	AFIRMATIVO	AFIRMATIVO	AFIRMATIVO	AFIRMATIVO	NEGATIVO	AFIRMATIVO	AFIRMATIVO	ABSTENCION	AFIRMATIVO	AFIRMATIVO	AFIRMATIVO	AFIRMATIVO	AFIRMATIVO	AFIRMATIVO	AFIRMATIVO	AFIRMATIVO	AFIRMATIVO	AFIRMATIVO	AFIRMATIVO	AFIRMATIVO	AFIRMATIVO	AFIRMATIVO	AFIRMATIVO	AFIRMATIVO	AFIRMATIVO
STRADA, JULIA	UNION POR LA PATRIA		BUENOS AIRES	NEGATIVO	NEGATIVO	NEGATIVO	NEGATIVO	AFIRMATIVO	NEGATIVO	AFIRMATIVO	AFIRMATIVO	AFIRMATIVO	AFIRMATIVO	NEGATIVO	NEGATIVO	AFIRMATIVO	AFIRMATIVO	AFIRMATIVO	AFIRMATIVO	AFIRMATIVO	AFIRMATIVO	AFIRMATIVO	AFIRMATIVO	AFIRMATIVO	AFIRMATIVO	AFIRMATIVO	AFIRMATIVO	AFIRMATIVO	AFIRMATIVO	AFIRMATIVO	AFIRMATIVO	AFIRMATIVO	AFIRMATIVO	AFIRMATIVO	AFIRMATIVO
TAILHADE, RODOLFO	UNION POR LA PATRIA		BUENOS AIRES	NEGATIVO	NEGATIVO	NEGATIVO	NEGATIVO	AFIRMATIVO	NEGATIVO	AUSENTE	AFIRMATIVO	AFIRMATIVO	AFIRMATIVO	NEGATIVO	NEGATIVO	AFIRMATIVO	AFIRMATIVO	AFIRMATIVO	AFIRMATIVO	AFIRMATIVO	AFIRMATIVO	AFIRMATIVO	AFIRMATIVO	AFIRMATIVO	AFIRMATIVO	AFIRMATIVO	AFIRMATIVO	AFIRMATIVO	AFIRMATIVO	AFIRMATIVO	AFIRMATIVO	AFIRMATIVO	AFIRMATIVO	AFIRMATIVO	AFIRMATIVO
TAVELA, DANYA	DEMOCRACIA PARA SIEMPRE	UCR   UNION CIVICA RADICAL → DEMOCRACIA PARA SIEMPRE	BUENOS AIRES	AFIRMATIVO	NEGATIVO	AFIRMATIVO	AFIRMATIVO	AFIRMATIVO	AFIRMATIVO	AFIRMATIVO	AFIRMATIVO	AFIRMATIVO	AFIRMATIVO	AFIRMATIVO	NEGATIVO	AFIRMATIVO	AFIRMATIVO	ABSTENCION	AFIRMATIVO	AFIRMATIVO	AFIRMATIVO	AFIRMATIVO	AFIRMATIVO	AFIRMATIVO	AFIRMATIVO	NEGATIVO	AFIRMATIVO	AFIRMATIVO	AFIRMATIVO	AFIRMATIVO	AFIRMATIVO	AFIRMATIVO	AFIRMATIVO	AFIRMATIVO	AFIRMATIVO
TETAZ, MARTIN ALBERTO	UCR   UNION CIVICA RADICAL		C.A.B.A.	AFIRMATIVO	NEGATIVO	AFIRMATIVO	AFIRMATIVO	AFIRMATIVO	AFIRMATIVO	AFIRMATIVO	AFIRMATIVO	AFIRMATIVO	AFIRMATIVO	AFIRMATIVO	ABSTENCION	NEGATIVO	ABSTENCION	NEGATIVO	AFIRMATIVO	AFIRMATIVO	AFIRMATIVO	AFIRMATIVO	AUSENTE	AUSENTE	AUSENTE	AUSENTE	AUSENTE	AFIRMATIVO	AFIRMATIVO	NEGATIVO	AUSENTE	AFIRMATIVO	AFIRMATIVO	ABSTENCION	ABSTENCION
TODERO, PABLO	UNION POR LA PATRIA		NEUQUÉN	NEGATIVO	NEGATIVO	NEGATIVO	NEGATIVO	AFIRMATIVO	NEGATIVO	AFIRMATIVO	AFIRMATIVO	AFIRMATIVO	AFIRMATIVO	NEGATIVO	NEGATIVO	AFIRMATIVO	AFIRMATIVO	AFIRMATIVO	AFIRMATIVO	AFIRMATIVO	AFIRMATIVO	AFIRMATIVO	AFIRMATIVO	AFIRMATIVO	AFIRMATIVO	AFIRMATIVO	AFIRMATIVO	AFIRMATIVO	AFIRMATIVO	AFIRMATIVO	AFIRMATIVO	AFIRMATIVO	AFIRMATIVO	AFIRMATIVO	AFIRMATIVO
TOLOSA PAZ, VICTORIA	UNION POR LA PATRIA		BUENOS AIRES	NEGATIVO	NEGATIVO	NEGATIVO	NEGATIVO	AFIRMATIVO	NEGATIVO	AFIRMATIVO	AFIRMATIVO	AFIRMATIVO	AFIRMATIVO	NEGATIVO	NEGATIVO	AFIRMATIVO	AFIRMATIVO	AFIRMATIVO	AFIRMATIVO	AFIRMATIVO	AFIRMATIVO	AFIRMATIVO	AFIRMATIVO	AFIRMATIVO	AFIRMATIVO	AFIRMATIVO	AFIRMATIVO	AFIRMATIVO	AFIRMATIVO	AFIRMATIVO	AFIRMATIVO	AFIRMATIVO	AFIRMATIVO	AFIRMATIVO	AFIRMATIVO
TONIOLLI, EDUARDO	UNION POR LA PATRIA		SANTA FE	NEGATIVO	NEGATIVO	NEGATIVO	NEGATIVO	AFIRMATIVO	NEGATIVO	AFIRMATIVO	AFIRMATIVO	AFIRMATIVO	AFIRMATIVO	NEGATIVO	NEGATIVO	AFIRMATIVO	AFIRMATIVO	AFIRMATIVO	AFIRMATIVO	AFIRMATIVO	AFIRMATIVO	AFIRMATIVO	AFIRMATIVO	AFIRMATIVO	AFIRMATIVO	AFIRMATIVO	AFIRMATIVO	AFIRMATIVO	AFIRMATIVO	AFIRMATIVO	AFIRMATIVO	AFIRMATIVO	AFIRMATIVO	AFIRMATIVO	AFIRMATIVO
TORRES, ALEJANDRA	ENCUENTRO FEDERAL	HACEMOS COALICION FEDERAL → ENCUENTRO FEDERAL	CÓRDOBA	AFIRMATIVO	NEGATIVO	AFIRMATIVO	AFIRMATIVO	AFIRMATIVO	AFIRMATIVO	AFIRMATIVO	AUSENTE	AFIRMATIVO	AUSENTE	AFIRMATIVO	AFIRMATIVO	NEGATIVO	AFIRMATIVO	ABSTENCION	ABSTENCION	AUSENTE	AFIRMATIVO	AFIRMATIVO	AFIRMATIVO	AFIRMATIVO	AFIRMATIVO	NEGATIVO	AFIRMATIVO	AFIRMATIVO	AFIRMATIVO	AFIRMATIVO	AUSENTE	AFIRMATIVO	AFIRMATIVO	AUSENTE	AUSENTE
TORTORIELLO, ANIBAL	PRO		RIO NEGRO	AFIRMATIVO	AFIRMATIVO	AFIRMATIVO	AFIRMATIVO	AUSENTE	AFIRMATIVO	NEGATIVO	NEGATIVO	NEGATIVO	NEGATIVO	AFIRMATIVO	AFIRMATIVO	NEGATIVO	NEGATIVO	NEGATIVO	NEGATIVO	NEGATIVO	NEGATIVO	NEGATIVO	NEGATIVO	NEGATIVO	NEGATIVO	NEGATIVO	NEGATIVO	NEGATIVO	NEGATIVO	NEGATIVO	NEGATIVO	NEGATIVO	NEGATIVO	NEGATIVO	NEGATIVO
TREFFINGER, CESAR	LA LIBERTAD AVANZA		CHUBUT	AFIRMATIVO	AFIRMATIVO	AFIRMATIVO	AFIRMATIVO	NEGATIVO	AFIRMATIVO	NEGATIVO	NEGATIVO	NEGATIVO	NEGATIVO	AFIRMATIVO	AFIRMATIVO	NEGATIVO	NEGATIVO	NEGATIVO	NEGATIVO	NEGATIVO	NEGATIVO	NEGATIVO	NEGATIVO	NEGATIVO	NEGATIVO	NEGATIVO	NEGATIVO	NEGATIVO	NEGATIVO	NEGATIVO	NEGATIVO	NEGATIVO	NEGATIVO	NEGATIVO	NEGATIVO
VALDES, EDUARDO FELIX	UNION POR LA PATRIA		C.A.B.A.	NEGATIVO	NEGATIVO	NEGATIVO	NEGATIVO	AFIRMATIVO	NEGATIVO	AFIRMATIVO	AFIRMATIVO	AFIRMATIVO	AFIRMATIVO	NEGATIVO	NEGATIVO	AFIRMATIVO	AFIRMATIVO	AFIRMATIVO	AFIRMATIVO	AFIRMATIVO	AFIRMATIVO	AFIRMATIVO	AFIRMATIVO	AFIRMATIVO	AFIRMATIVO	AFIRMATIVO	AFIRMATIVO	AFIRMATIVO	AFIRMATIVO	AFIRMATIVO	AFIRMATIVO	AFIRMATIVO	AFIRMATIVO	AFIRMATIVO	AFIRMATIVO
VANCSIK, DANIEL	INNOVACION FEDERAL		MISIONES	AFIRMATIVO	NEGATIVO	AFIRMATIVO	AFIRMATIVO	AFIRMATIVO	AFIRMATIVO	AFIRMATIVO	ABSTENCION	ABSTENCION	ABSTENCION	AFIRMATIVO	AFIRMATIVO	AUSENTE	AUSENTE	AUSENTE	AUSENTE	AUSENTE	AUSENTE	AUSENTE	AUSENTE	AUSENTE	AUSENTE	AUSENTE	AUSENTE	AFIRMATIVO	ABSTENCION	AFIRMATIVO	ABSTENCION	AFIRMATIVO	AFIRMATIVO	ABSTENCION	ABSTENCION
VARGAS MATYI, BRENDA	UNION POR LA PATRIA		BUENOS AIRES	NEGATIVO	NEGATIVO	NEGATIVO	NEGATIVO	AFIRMATIVO	NEGATIVO	AFIRMATIVO	AFIRMATIVO	AFIRMATIVO	AFIRMATIVO	NEGATIVO	NEGATIVO	AFIRMATIVO	AFIRMATIVO	AFIRMATIVO	AFIRMATIVO	AFIRMATIVO	AFIRMATIVO	AFIRMATIVO	AFIRMATIVO	AFIRMATIVO	AFIRMATIVO	AFIRMATIVO	AFIRMATIVO	AFIRMATIVO	AFIRMATIVO	AFIRMATIVO	AFIRMATIVO	AFIRMATIVO	AFIRMATIVO	AFIRMATIVO	AFIRMATIVO
VASQUEZ, PATRICIA	PRO		BUENOS AIRES	AFIRMATIVO	AFIRMATIVO	AFIRMATIVO	AFIRMATIVO	NEGATIVO	AFIRMATIVO	NEGATIVO	NEGATIVO	NEGATIVO	NEGATIVO	AFIRMATIVO	AFIRMATIVO	NEGATIVO	NEGATIVO	NEGATIVO	NEGATIVO	AFIRMATIVO	NEGATIVO	NEGATIVO	NEGATIVO	NEGATIVO	NEGATIVO	NEGATIVO	NEGATIVO	NEGATIVO	NEGATIVO	NEGATIVO	NEGATIVO	NEGATIVO	NEGATIVO	NEGATIVO	NEGATIVO
VEGA, YOLANDA	INNOVACION FEDERAL		SALTA	AFIRMATIVO	NEGATIVO	AFIRMATIVO	AFIRMATIVO	AFIRMATIVO	AFIRMATIVO	AFIRMATIVO	AUSENTE	ABSTENCION	AUSENTE	AFIRMATIVO	AFIRMATIVO	AUSENTE	AFIRMATIVO	AFIRMATIVO	AFIRMATIVO	AUSENTE	AFIRMATIVO	AFIRMATIVO	AUSENTE	AUSENTE	AUSENTE	AUSENTE	AFIRMATIVO	AFIRMATIVO	AFIRMATIVO	AFIRMATIVO	NEGATIVO	AFIRMATIVO	AFIRMATIVO	AUSENTE	AUSENTE
VERASAY, PAMELA FERNANDA	UCR   UNION CIVICA RADICAL		MENDOZA	AFIRMATIVO	AFIRMATIVO	AFIRMATIVO	AFIRMATIVO	AFIRMATIVO	AFIRMATIVO	AFIRMATIVO	NEGATIVO	AFIRMATIVO	AFIRMATIVO	AFIRMATIVO	AFIRMATIVO	NEGATIVO	ABSTENCION	NEGATIVO	AFIRMATIVO	AFIRMATIVO	AUSENTE	AUSENTE	AUSENTE	AUSENTE	AUSENTE	AUSENTE	AUSENTE	NEGATIVO	NEGATIVO	NEGATIVO	NEGATIVO	AUSENTE	AFIRMATIVO	NEGATIVO	NEGATIVO
VIDAL, MARIA EUGENIA	PRO		C.A.B.A.	AFIRMATIVO	AFIRMATIVO	AFIRMATIVO	AFIRMATIVO	AUSENTE	AFIRMATIVO	NEGATIVO	AFIRMATIVO	NEGATIVO	NEGATIVO	AFIRMATIVO	AFIRMATIVO	NEGATIVO	ABSTENCION	NEGATIVO	NEGATIVO	AFIRMATIVO	NEGATIVO	AFIRMATIVO	AUSENTE	AUSENTE	AUSENTE	AUSENTE	AUSENTE	ABSTENCION	ABSTENCION	NEGATIVO	AUSENTE	AFIRMATIVO	ABSTENCION	NEGATIVO	NEGATIVO
VILCA, ALEJANDRO	PTS FRENTE DE IZQUIERDA UNIDAD		JUJUY	NEGATIVO	NEGATIVO	NEGATIVO	NEGATIVO	ABSTENCION	NEGATIVO	AFIRMATIVO	AFIRMATIVO	AFIRMATIVO	AFIRMATIVO	NEGATIVO	NEGATIVO	AFIRMATIVO	AFIRMATIVO	AFIRMATIVO	AFIRMATIVO	AFIRMATIVO	AFIRMATIVO	AFIRMATIVO	AFIRMATIVO	AFIRMATIVO	AFIRMATIVO	AFIRMATIVO	AFIRMATIVO	AFIRMATIVO	AFIRMATIVO	ABSTENCION	AFIRMATIVO	AFIRMATIVO	AFIRMATIVO	AFIRMATIVO	AFIRMATIVO
VILLAVERDE, LORENA	LA LIBERTAD AVANZA		RIO NEGRO	AFIRMATIVO	AFIRMATIVO	AFIRMATIVO	AFIRMATIVO	NEGATIVO	AFIRMATIVO	NEGATIVO	NEGATIVO	NEGATIVO	NEGATIVO	AFIRMATIVO	AFIRMATIVO	NEGATIVO	NEGATIVO	NEGATIVO	NEGATIVO	NEGATIVO	NEGATIVO	NEGATIVO	NEGATIVO	NEGATIVO	NEGATIVO	NEGATIVO	NEGATIVO	NEGATIVO	NEGATIVO	NEGATIVO	NEGATIVO	NEGATIVO	NEGATIVO	NEGATIVO	NEGATIVO
VOLNOVICH, LUANA	UNION POR LA PATRIA		BUENOS AIRES	NEGATIVO	NEGATIVO	NEGATIVO	NEGATIVO	AFIRMATIVO	NEGATIVO	AFIRMATIVO	AFIRMATIVO	AFIRMATIVO	AFIRMATIVO	NEGATIVO	NEGATIVO	AFIRMATIVO	AFIRMATIVO	AFIRMATIVO	AFIRMATIVO	AFIRMATIVO	AFIRMATIVO	AFIRMATIVO	AFIRMATIVO	AFIRMATIVO	AFIRMATIVO	AFIRMATIVO	AFIRMATIVO	AFIRMATIVO	AFIRMATIVO	AFIRMATIVO	AFIRMATIVO	AFIRMATIVO	AFIRMATIVO	AFIRMATIVO	AFIRMATIVO
YASKY, HUGO	UNION POR LA PATRIA		BUENOS AIRES	NEGATIVO	NEGATIVO	NEGATIVO	NEGATIVO	AFIRMATIVO	NEGATIVO	AFIRMATIVO	AFIRMATIVO	AFIRMATIVO	AFIRMATIVO	NEGATIVO	NEGATIVO	AFIRMATIVO	AFIRMATIVO	AFIRMATIVO	AFIRMATIVO	AFIRMATIVO	AFIRMATIVO	AFIRMATIVO	AFIRMATIVO	AFIRMATIVO	AFIRMATIVO	AFIRMATIVO	AFIRMATIVO	AFIRMATIVO	AFIRMATIVO	AFIRMATIVO	AFIRMATIVO	AFIRMATIVO	AFIRMATIVO	AFIRMATIVO	AFIRMATIVO
YEDLIN, PABLO RAUL	UNION POR LA PATRIA		TUCUMÁN	NEGATIVO	NEGATIVO	NEGATIVO	NEGATIVO	AFIRMATIVO	NEGATIVO	AFIRMATIVO	AFIRMATIVO	AFIRMATIVO	AFIRMATIVO	NEGATIVO	NEGATIVO	AFIRMATIVO	AFIRMATIVO	AFIRMATIVO	AFIRMATIVO	AFIRMATIVO	AFIRMATIVO	AFIRMATIVO	AFIRMATIVO	AFIRMATIVO	AFIRMATIVO	AFIRMATIVO	AFIRMATIVO	AFIRMATIVO	AFIRMATIVO	AFIRMATIVO	AFIRMATIVO	AFIRMATIVO	AFIRMATIVO	AFIRMATIVO	AFIRMATIVO
YEZA, MARTIN	PRO		BUENOS AIRES	AFIRMATIVO	AFIRMATIVO	AFIRMATIVO	AFIRMATIVO	NEGATIVO	AFIRMATIVO	NEGATIVO	AFIRMATIVO	NEGATIVO	NEGATIVO	AFIRMATIVO	AFIRMATIVO	NEGATIVO	NEGATIVO	NEGATIVO	NEGATIVO	AFIRMATIVO	NEGATIVO	NEGATIVO	NEGATIVO	NEGATIVO	NEGATIVO	NEGATIVO	NEGATIVO	NEGATIVO	NEGATIVO	NEGATIVO	NEGATIVO	NEGATIVO	NEGATIVO	NEGATIVO	NEGATIVO
YUTROVIC, CAROLINA	UNION POR LA PATRIA		TIERRA DEL FUEGO	NEGATIVO	NEGATIVO	NEGATIVO	NEGATIVO	AFIRMATIVO	NEGATIVO	AFIRMATIVO	AFIRMATIVO	AFIRMATIVO	AFIRMATIVO	NEGATIVO	NEGATIVO	AFIRMATIVO	AFIRMATIVO	AFIRMATIVO	AFIRMATIVO	AFIRMATIVO	AFIRMATIVO	AFIRMATIVO	AFIRMATIVO	AFIRMATIVO	AFIRMATIVO	AFIRMATIVO	AFIRMATIVO	AFIRMATIVO	AFIRMATIVO	AFIRMATIVO	AFIRMATIVO	AFIRMATIVO	AFIRMATIVO	AFIRMATIVO	AFIRMATIVO
ZABALA CHACUR, NATALIA	UNION POR LA PATRIA		SAN LUIS	NEGATIVO	NEGATIVO	NEGATIVO	NEGATIVO	AFIRMATIVO	NEGATIVO	AUSENTE	AUSENTE	AFIRMATIVO	AFIRMATIVO	AUSENTE	NEGATIVO	AFIRMATIVO	AFIRMATIVO	AFIRMATIVO	AFIRMATIVO	AFIRMATIVO	AFIRMATIVO	AFIRMATIVO	AFIRMATIVO	AFIRMATIVO	AFIRMATIVO	AFIRMATIVO	AFIRMATIVO	AFIRMATIVO	AFIRMATIVO	AFIRMATIVO	AFIRMATIVO	AFIRMATIVO	AFIRMATIVO	AFIRMATIVO	AFIRMATIVO
ZAGO, OSCAR	MID   MOVIMIENTO DE INTEGRACION Y DESARROLLO	LA LIBERTAD AVANZA → MID   MOVIMIENTO DE INTEGRACION Y DESARROLLO	C.A.B.A.	AFIRMATIVO	AFIRMATIVO	AFIRMATIVO	AFIRMATIVO	NEGATIVO	AFIRMATIVO	NEGATIVO	NEGATIVO	NEGATIVO	AUSENTE	AFIRMATIVO	AFIRMATIVO	ABSTENCION	AUSENTE	AUSENTE	AUSENTE	AUSENTE	AUSENTE	AUSENTE	AUSENTE	AUSENTE	AUSENTE	AUSENTE	AUSENTE	AFIRMATIVO	AFIRMATIVO	AFIRMATIVO	AFIRMATIVO	AFIRMATIVO	AFIRMATIVO	AFIRMATIVO	NEGATIVO
ZAPATA, CARLOS RAUL	LA LIBERTAD AVANZA		SALTA	AFIRMATIVO	AFIRMATIVO	AFIRMATIVO	AFIRMATIVO	NEGATIVO	AFIRMATIVO	NEGATIVO	NEGATIVO	NEGATIVO	NEGATIVO	AFIRMATIVO	AFIRMATIVO	NEGATIVO	NEGATIVO	NEGATIVO	NEGATIVO	NEGATIVO	NEGATIVO	NEGATIVO	NEGATIVO	NEGATIVO	NEGATIVO	NEGATIVO	NEGATIVO	NEGATIVO	NEGATIVO	NEGATIVO	NEGATIVO	NEGATIVO	NEGATIVO	NEGATIVO	NEGATIVO
ZARACHO, NATALIA	UNION POR LA PATRIA		BUENOS AIRES	NEGATIVO	NEGATIVO	NEGATIVO	NEGATIVO	AFIRMATIVO	NEGATIVO	AFIRMATIVO	AFIRMATIVO	AFIRMATIVO	AFIRMATIVO	NEGATIVO	NEGATIVO	AFIRMATIVO	AFIRMATIVO	AFIRMATIVO	AFIRMATIVO	AFIRMATIVO	AFIRMATIVO	AFIRMATIVO	AFIRMATIVO	AFIRMATIVO	AFIRMATIVO	AFIRMATIVO	AFIRMATIVO	AFIRMATIVO	AFIRMATIVO	AFIRMATIVO	AFIRMATIVO	AFIRMATIVO	AFIRMATIVO	AFIRMATIVO	AFIRMATIVO
ZULLI, CHRISTIAN ALEJANDRO	UNION POR LA PATRIA		CORRIENTES	NEGATIVO	NEGATIVO	NEGATIVO	NEGATIVO	AFIRMATIVO	NEGATIVO	AFIRMATIVO	AFIRMATIVO	AFIRMATIVO	AFIRMATIVO	NEGATIVO	NEGATIVO	AFIRMATIVO	AFIRMATIVO	AFIRMATIVO	AFIRMATIVO	AFIRMATIVO	AFIRMATIVO	AFIRMATIVO	AFIRMATIVO	AFIRMATIVO	AFIRMATIVO	AFIRMATIVO	AFIRMATIVO	AFIRMATIVO	AFIRMATIVO	AFIRMATIVO	AFIRMATIVO	AFIRMATIVO	AFIRMATIVO	AFIRMATIVO	AFIRMATIVO
